作品名称,简介
《子虚赋》,《子虚赋》是汉代辞赋家司马相如早期游梁时所作，有着浓厚的黄老道家色彩。《子虚赋》作于司马相如为梁孝王宾客时，时在汉景帝年间，其主题是以这一时期以虚静为君的道家思想为指向的，但是景帝不好辞赋并没有得到景帝的赏识。却为后来的汉武帝所赏识。此赋写楚国之子虚先生出使齐国，子虚向乌有先生讲述随齐王出猎，齐王问及楚国，极力铺排楚国之广大丰饶，以至云梦不过是其后花园之小小一角。乌有不服，便以齐国之大海名山、异方殊类，傲视子虚。其主要意义是通过这种夸张声势的描写，表现了汉一代王朝的强大声势和雄伟气魄。此赋极铺张扬厉之能事，词藻丰富，描写工丽，散韵相间，标志着汉大赋的完全成熟。它与《上林赋》构成姊妹篇，都是汉代汉族文学正式确立的标志性作品。
《上林赋》,《上林赋》是西汉辞赋家司马相如创作的一篇赋，是《子虚赋》的姊妹篇。此赋先写子虚、乌有二人之论不确来引出天子上林之事，再依次夸饰天子上林苑中的水势、水产、草木、走兽、台观、树木、猿类之胜，然后写天子猎余庆功，最后写天子悔过反思。全赋规模宏大，辞汇丰富，描绘尽致，渲染淋漓。
《大人赋》,《大人赋》是西汉辞赋家司马相如创作的一篇赋。此赋先写“大人”驾云乘龙遨游仙界，然后分东南西北四方写遨游盛况，文末归于超脱有无，暗含对汉武帝好神仙之道的讽谏，同时流露了作者对于自己仕途进退的矛盾之情。全赋想象丰富，文字糜丽，蕴含着丰富的道家思想。
《长门赋》,《长门赋》最早见于南朝梁萧统编著的《昭明文选》，据其序言，这是汉代文学家司马相如受汉武帝失宠皇后陈阿娇的百金重托而作的一篇骚体赋。作品以一个受到冷遇的嫔妃口吻写成：君主许诺朝往而暮来，可是天色将晚，还不见幸临。她独自徘徊，对爱的期盼与失落充满心中。她登上兰台遥望其行踪，唯见浮云四塞，天日窈冥。雷声震响，她以为是君主的车辇，却只见风卷帷幄。此赋以景写情，情景交融，表现陈皇后被遗弃后苦闷和抑郁的心情，艺术表现上反复重叠，表达女性感情极其细腻，是一篇优秀的骚体赋。
《美人赋》,《美人赋》是西汉辞赋家司马相如创作的一篇赋。此赋开头假设自己受诽谤，引出下文自己不好色，而且用古代圣贤作衬托，重点写赴梁途中的艳遇，再次突出自己不好色，从而表现作者坚守高洁品格的思想。全赋语言清丽华妙，调动多种感官来完成对美女的铺写，在艺术手法上颇有独到之处。
《白头吟》,"《白头吟》是汉代才女卓文君的作品。据传，司马相如发迹后，渐渐耽于逸乐、日日周旋在脂粉堆里，直至欲纳茂陵女子为妾。卓文君忍无可忍，因之作了这首《白头吟》，呈递相如。这首诗寄寓了作者对于爱情的高尚态度。虽然她对旧情不无留念和幻想,但更多的却是深沉的人生反思。因此,她较之古诗中一般的弃妇形象又迥然不同。"
《怨郎诗》,相传，司马相如在事业上取得少许成就之后，就产生了纳妾之意，寄了一封十三个字的信送给妻子，卓文君倍感伤怀，便回以这封著名的《怨郎诗》。
《诀别书》,传说《白头吟》是卓文君所作，司马相如飞黄腾达后，渐渐耽于逸乐、日日周旋在脂粉堆里，直至欲纳茂陵女子为妾。在锦衣玉食之时弃糟糠而慕少艾时，卓文君作了一首《白头吟》，并附书：“春华竞芳，五色凌素，琴尚在御，而新声代故！锦水有鸳，汉宫有木，彼物而新，嗟世之人兮，瞀于淫而不悟！朱弦断，明镜缺，朝露晞，芳时歇，白头吟，伤离别，努力加餐勿念妾，锦水汤汤，与君长诀！”使得司马相如大为不忍，想到了当年的患难相随，将卓文君接到自己身边。
《太玄》,《太玄经》，西汉末年扬雄撰，也称《扬子太玄经》，简称《太玄》、《玄经》。
《法言》,史称《法言》为扬雄模仿《论语》而作，至于取名《法言》，则本于《论语·子罕篇》： 法语之言，能无从乎 和《孝经·卿大夫章》： 非先王之法言不敢道。 法 有准则和使物平直的意思，所以法言就是作为准则而对事情的是非给以评判之言。
《方言》,《〈方言〉与两汉语言研究丛书》为教育部哲学社会科学研究后期资助重大项目，同时是高等学校优秀博士学位论文作者专项基金项目。 这套丛书包含八种专著，可以划分为两个子系列，即“《方言》研究系列”和“与《方言》相关的汉语史研究系列”。前者包含四部著作：《扬雄校释论稿》、《扬雄用字研究》、《与扬雄词汇学》和《两汉方言词研究》。后者也包含有四部著作：《秦汉时期楚方言区文献的语音研究》、《词汇研究》、《词类研究》和《两汉语法比较研究》。 这套丛书主要特点有三个：一是重视突破，尤其重视难点的突破，二是重视材料，尤其重视第一手材料，三是重视方法，尤其重视方法的针对性。然而最主要的特点则是，各部著作分则都可独立，合则浑然一体。 本书，王智群博士的《与扬雄词汇学》，围绕着“扬雄撰写《方言》有没有理论，他的理论都有哪些具体内容，在《方言》一书中是如何体现的”这一核心问题展开研究。她贯通了《方言》全书的条例，并以此为基础展开研究。发现了扬雄以“聚合”方式组织词汇的特点，揭示了扬雄“别国方言”、“古今语”和“转语”的深刻内涵，提出了扬雄文化词汇学思想这一命题。
《汉书》,《汉书》，又称《前汉书》，是中国第一部纪传体断代史，“二十四史”之一。由东汉史学家班固编撰，前后历时二十余年，于建初年中基本修成，后唐朝颜师古为之释注。《汉书》是继《史记》之后中国古代又一部重要史书，与《史记》、《后汉书》、《三国志》并称为“前四史”。 《汉书》全书主要记述了上起西汉的汉高祖元年，下至新朝王莽地皇四年共230年的史事。《汉书》包括本纪十二篇，表八篇，志十篇，传七十篇，共一百篇，后人划分为一百二十卷，全书共八十万字。
《白虎通义》,《白虎通义》是中国汉代讲论五经同异，统一今文经义的一部重要著作。班固等人根据汉章帝建初四年经学辩论的结果撰集而成。因辩论地点在白虎观而得名。《白虎通义》继承了董仲舒以后今文经学神秘的唯心主义思想。它以神秘化了的阴阳、五行为基础，解释自然、社会、伦理、人生和日常生活的种种现象，对宋明理学的人性论产生了一定影响。
《两都赋》,《两都赋》是东汉文学家、史学家班固创作的大赋，分《西都赋》《东都赋》两篇。据其自序，自东汉建都洛阳后，“西土耆老”希望仍以长安为首都，因作此赋以驳之。《西都赋》由假想人物西都宾叙述长安形势险要、物产富庶、宫廷华丽等情况，以暗示建都长安的优越性；《东都赋》则由另一假想人物东都主人对东汉建都洛阳后的各种政治措施进行美化和歌颂，意谓洛阳当日的盛况，已远远超过了西汉首都长安。后来张衡《二京赋》、左思《三都赋》，在形式上皆颇受其影响。
《灵宪》,《灵宪》是张衡积多年的实践与理论研究写成的一部天文巨著，也是世界天文史上的不朽名作。该书全面阐述了天地的生成、宇宙的演化、天地的结构、日月星辰的本质及其运动等诸多重大课题，将我国古代的天文学水平提升到了一个前所未有的新阶段，使我国当时的天文学研究居世界领先水平，并对后世产生了深远的影响。
《归田赋》,《归田赋》是东汉辞赋家张衡的代表作之一。它形象地描绘了田园山林那种和谐欢快、神和气清的景色，反映了作者畅游山林，悠闲自得的心情，又颇含自戒之意，表达了作者道家思想的超脱精神。《归田赋》文句平淡清丽、结构短小灵活，开了骈赋的先河，是千百年来为人们所传诵的优秀篇章。是一篇短小明畅的抒情小赋，有着独特的艺术风格，它一洗汉大赋铺采缛文、繁重凝滞、虚夸堆砌的规矩，转为文句平淡清丽、结构短小灵活的风格，语言自然清新，洗练优美，感情真挚，情景交融，是难得的赋作佳篇。
《二京赋》,《二京赋》是东汉辞赋，为张衡的代表作。《二京赋》包括《西京赋》、《东京赋》两篇。二京，指汉的西京长安与东京洛阳。《二京赋》由于其结构的严谨精密，被多数人认为是汉赋中的精品。
《观沧海》,《观沧海》是东汉末年诗人曹操创作的一首四言诗。这首诗是曹操在碣石山登山望海时，用饱蘸浪漫主义激情的大笔，所勾勒出的大海吞吐日月、包蕴万千的壮丽景象；描绘了祖国河山的雄伟壮丽，既刻画了高山大海的壮阔，更表达了诗人以景托志，胸怀天下的进取精神。全诗语言质朴，想象丰富，气势磅礴，苍凉悲壮。
《龟虽寿》,《龟虽寿》为东汉文学家、政治家曹操创作的一首四言乐府诗，此诗是组诗《步出夏门行》的第四篇。作者自比一匹上了年纪的千里马，虽然形老体衰，屈居枥下，但胸中仍然激荡着驰骋千里的豪情壮志，表现了其老当益壮、积极进取的人生态度，充满了对生活的真切体验，有着一种真挚而浓烈的感情力量。全诗诗情与哲理交融，构思新巧，语言清峻刚健，融哲理思考、慷慨激情和艺术形象于一炉，述理、明志、抒情在具体的艺术形象中实现了完美的结合。
《让县自明本志令》,《述志令》，又名《让县自明本志令》，是曹操对外表达自己思想和经历的一篇带有自传性质的重要文章。这篇令文，首先详尽地叙述了曹操的政治抱负和平生志向与心迹。其次，这篇令文的文笔苍劲有力，气势雄伟飞动，语气严峻而感情浓烈纯厚。全篇作者熟练运用历史事实形象，生动地叙述和详尽地表白自己的政治抱负与远大志向，感情浓厚，直抒胸臆。
《蒿里行》,《蒿里行》是汉末文学家曹操的诗作。此诗是借乐府旧题写时事，内容记述了汉末军阀混战的现实，真实、深刻地揭示了人民的苦难，堪称“汉末实录”的“诗史”。诗人运用民歌的形式，对当时的社会现实进行了批判，不仅对因战乱而陷于水深火热之中的苦难人民表示了极大的悲愤和同情，而且对造成人民疾苦的首恶元凶给予了无情的揭露和鞭挞。全诗风格质朴，沉郁悲壮，体现了一个政治家、军事家的豪迈气魄和忧患意识，诗中集典故、事例、描述于一身，既形象具体，又内蕴深厚，体现了曹操的独特文风。
《孟德新书》,《孟德新书》乃是曹操总结半生军事生涯、在前人基础上总结并创新军事理论的成果。中国历史上有名的兵书，在《孟德新书》之前，有《孙子兵法》、《孙膑兵法》、《阴符》等广为流传。在《孟德新书》之后，除了诸葛亮《将苑》二十四篇之外，整整几百年都没有出现新的名作，直到明戚继光的《纪效新书》才开创了中国近代战争军事理论的新高峰。 《孟德新书》有十四篇，其中十三篇是兵法韬略，而最后一篇是政略。在《唐李问对》中仍有提到“曹公《新书》”，足见孟德新书唐时尚有余本，可能之后才失传。
《七步诗》,《七步诗》是三国时期魏国诗人曹植的一首诗。这首诗用同根而生的萁和豆来比喻同父共母的兄弟，用萁煎其豆来比喻同胞骨肉的哥哥曹丕残害弟弟，表达了对曹丕的强烈不满，生动形象、深入浅出地反映了封建统治集团内部的残酷斗争和诗人自身处境艰难，沉郁愤激的思想感情。
《白马篇》,《白马篇》是中国三国时期曹魏文学家曹植前期的代表作品。此诗以曲折动人的情节描写边塞游侠儿捐躯赴难、奋不顾身的英勇行为，塑造了边疆地区一位武艺高超、渴望卫国立功甚至不惜牺牲生命的游侠少年形象，表达了诗人建功立业的强烈愿望。开头两句以奇警飞动之笔，描绘出驰马奔赴西北战场的英雄身影，显示出军情紧急，扣动读者心弦；接着以“借问”领起，以铺陈的笔墨补叙英雄的来历，说明他是一个什么样的英雄形象；“边城”六句，遥接篇首，具体说明“西北驰”的原因和英勇赴敌的气概。末八句展示英雄捐躯为国、视死如归的崇高精神境界。全诗风格雄放，气氛热烈，语言精美，称得上是情调兼胜，诗中的英雄形象，既是诗人的自我写照，又凝聚和闪耀着时代的光辉。
《洛神赋》,《洛神赋》是中国三国时期曹魏文学家曹植创作的辞赋名篇。此赋虚构了作者自己与洛神的邂逅相遇和彼此间的思慕爱恋，洛神形象美丽绝伦，人神之恋飘渺迷离，但由于人神道殊而不能结合，最后抒发了无限的悲伤怅惘之情。全篇大致可分为六段：第一段写作者从洛阳回封地时，在恍惚之际看到洛神伫立山崖；第二段写洛神容仪服饰之美；第三段写作者爱慕洛神既识礼仪又善言辞，虽相互赠答，但担心遇合受阻；第四段写洛神为“君王”之诚所感后将来而未至的情状和举动；第五段写洛神来临扈从之多，终以人神道殊，含恨离去；第六段写洛神去后作者对顾望思慕不忍离去的深情。全赋辞采华美，描写细腻，想象丰富，情思绻缱，若有寄托。
《七哀诗》,《七哀诗》是魏晋诗人曹植作的一首五言闺怨诗。这首诗借一个思妇对丈夫的思念和怨恨，比喻他和身为皇帝的曹丕之间的生疏“甚于路人”、“殊于胡越”，曲折地吐露了诗人在政治上遭受打击之后的怨愤心情。
《飞龙篇》,《飞龙篇》是描写登泰山遇仙真羽士的诗，现嵌在泰安譬庙汉柏院的碑墙上。自东汉张道陵在蜀地创天师道后，其信徒很多；黄巾军起义，就是以太平道相号召的。泰山周围，为太平道活动地区，道教传播亦广。当时道教流行炼丹服食，可以长生不老，子建遭兄曹丕的妒嫉，抑郁寡乐，其亦有惑于此，作为精神寄托。诗中多涉神仙之说。曹植早年间其实不信神仙之说，只是后来与李白一样在世俗失意后入道学仙。由此也写出来不少游仙诗，并且在他身上也有关于不少遇仙的传说。
《典论》,《典论》是最早的文艺理论批评专著。三国时代曹丕所著，写于曹丕做魏太子时期，原有22篇，后大都亡佚，只存《自叙》《论文》《论方术》三篇。
《燕歌行》,《燕歌行二首》是魏文帝曹丕的诗作，写一个女子思念在远方作客的丈夫，是言情的名作。全诗语言清丽，情致委婉，音节和谐，把人物情感表现得缠绵绯恻，凄婉动人。这是中国文学史上现存最古老的完整的七言诗，虽然它句句用韵，还存在用韵单调的缺点，但是在中国诗歌发展史上占有十分重要的地位。明代胡应麟说：“子桓《燕歌》二首，开千古妙境。”
《寡妇诗》,《寡妇诗》是魏晋时期政治家曹丕所作诗词之一。《寡妇诗》是作者在友人阮元瑜死后，伤其遗孀孤寡而作的。据《三国志·王粲传》裴松之注，阮瑀卒于建安十七年。诗当作于此后不久。
《悲愤诗》,《悲愤诗》是一首五言古诗、自传体骚体诗，东汉文学家蔡琰所作。全诗一百零八句，计五百四十字。这诗开头四十句叙遭祸被虏的原由和被虏入关途中的苦楚。次四十句叙在南匈奴的生活和听到被赎消息悲喜交集以及和“胡子”分别时的惨痛。最后二十八句叙归途和到家后所见所感。
《胡笳十八拍》,胡笳十八拍，中国乐府名诗，古琴名曲，相传为东汉末年蔡文姬以胡笳音色融入古琴中而作成，有“大胡笳”、“小胡笳”等39种不同的版本，传世最广的是明朝万历年间孙丕显《琴适》中的记载，根据该谱，胡笳十八拍是由18首歌曲组合的琴歌。
《大人先生传》,《大人先生传》是三国魏文学家阮籍的作品。这篇文章对当时司马氏的统治，尤其是虚伪的礼法制度，作了激烈的斥责和辛辣的嘲讽。全文音节整齐，基本用韵，时见对偶文句，铺排较多，具有赋体风格。
《咏怀八十二首》,《咏怀八十二首》是三国时期文学家阮籍的诗作。这八十二首诗是阮籍随感而写，后加以辑录，都是有感而作，而非一时之作。这八十二首诗可称千古杰作，为中国古代五言诗的发展作出了贡献。
《陶渊明集》,《陶渊明集》是1979年5月1日由中华书局出版的图书，作者是陶渊明。《陶渊明集》是南朝梁昭明太子萧统搜集陶渊明遗世作品，编为《陶渊明集》七卷，录一卷。
《归途赋》,清潭，读音qīng tán，汉语词语，指清澈的深渊。
《述祖德诗》,《述祖德诗》是南北朝山水诗开创者谢灵运的作品之一。
《淮阳感怀》,《淮阳感怀》是隋末起义军首领李密所作的一首五言古诗。这首诗通过对秋天寂寥的天光水色的特殊感受，通过对江岸边长满蓼草、洲渚上一望无际的芦苇，白花萧飒，掩映着远远近近的村落、竹篱茅舍隐约可见等一系列大自然多种多样的声色之美的描绘，宣泄怀才不遇之郁忿，抒写了由此而生的惆伥之情。诗句由写景转入述怀，语意直白。
《滕王阁序》,《滕王阁序》是唐代文学家王勃于上元二年所创作的一篇骈文。文章由洪州的地势、人才写到宴会；写滕王阁的壮丽，眺望的广远，扣紧秋日，景色鲜明；再从宴会娱游写到人生遇合，抒发身世之感；接着写作者的遭遇并表白要自励志节，最后以应命赋诗和自谦之辞作结。全文表露了作者的抱负和怀才不遇的愤懑心情。文章除少数虚词以外，通篇对偶。句法以四字句、六字句为多，对得整齐；又几乎是通篇用典，用得比较自然而恰当，显得典雅而工巧。
《送杜少府之任蜀州》,《送杜少府之任蜀州》是唐代诗人王勃的作品。此诗意在慰勉友人勿在离别之时悲哀。首联描画出送别地与友人出发地的形势和风貌，隐含送别的情意，严整对仗；颔联为宽慰之辞，点明离别的必然性，以散调相承，以实转虚，文情跌宕；颈联奇峰突起，高度地概括了“友情深厚，江山难阻”的情景，使友情升华到一种更高的美学境界；尾联点出“送”的主题，而且继续劝勉、叮咛朋友，也是自己情怀的吐露。此诗开合顿挫，气脉流通，意境旷达，堪称送别诗中的不世经典，全诗仅仅四十个字，却纵横捭阖，变化无穷，仿佛在一张小小的画幅上，包容着无数的丘壑，有看不尽的风光，至今广泛流传。
《长安古意》,《长安古意》是唐代诗人卢照邻创作的一首七言古诗。这是卢照邻的代表作，也是初唐七言歌行的代表作之一。此诗托古意而写今情，展现了当时长安社会生活的广阔画卷。在这首长篇七言诗中，诗人用传统题材写自身的感受，以铺陈的笔法，描称”正教三大高手之一“绘当时京都长安的现实生活场景，流露出对美好生活的热爱和向往之情；写权贵阶层骄奢淫逸的生活及内部倾轧的情况，深寓讽喻之旨；同时抒发了怀才不遇的寂寥之感和牢骚不平之气，也揭示了世事无常、荣华难久的生活哲理。
《十五夜观灯》,《十五夜观灯》是唐代诗人卢照邻的诗词之一，描述元宵节燃灯的盛况，绚丽多彩的元宵灯火将大地点缀得五彩缤纷，人们在节日之夜观灯赏月，尽情歌舞游戏。青年男女在这个欢乐祥和的日子里相互表达爱慕之意。
《元日述怀》,《元日述怀》的作者是卢照邻，属于五言律诗类型
《从军行》,《从军行》是唐代诗人杨炯的诗作。此诗借用乐府旧题“从军行”，描写一个读书士子从军边塞、参加战斗的全过程。前两句写边报传来，激起了志士的爱国热情；第三四句描写了军队辞京后的出战；第五六句通过景物描写烘托激烈的战斗场面；最后两句直接抒发从戎书生保边卫国的壮志豪情。全诗虽仅四十字，但既揭示出人物的心理活动，又渲染了环境气氛，笔力极其雄劲，同时对仗工整，使诗更有节奏和气势。
《战城南》,《战城南》是出于全唐诗：卷50_13，创作于初唐，用乐府旧题写的一首五言律诗，作者是杨炯。诗中的主人公在叙述战争时，豪情满怀，信心百倍，充满了胜利的希冀，雄浑激越，洋溢着浓烈的爱国之情。
《为徐敬业讨武曌檄》,《为徐敬业讨武曌檄》是唐代文学家骆宾王创作的一篇檄文。此文开篇即历数武则天之累累罪恶，层层揭露，有如贯珠，事昭理辨，并点明武氏乃亡国之祸根，从而道出讨伐武氏之必要性；再写起兵讨武之正义性，气盛而辞断；最后向敌方晓以赏罪诱胁。全文综合运用对仗、用典、夸张等表现手法来烘托文章气势，对人晓之以理，动之以情，表现出强有力的说服力和号召力。
《帝京篇》,《帝京篇》是唐代诗人骆宾王的作品。此诗是作者富于现实主义精神的优秀名篇。它不仅是诗人的代表作，更是初唐七言歌行的代表作之一，堪与卢照邻的《长安古意》媲美，被称为姊妹篇。
《畴昔篇》,《畴昔篇》是唐代骆宾王创作的一首杂文古诗。
《咏鹅》,《咏鹅》是初唐诗人骆宾王于七岁时写的一首五言古诗。 这首诗开篇先声夺人，“鹅！鹅！鹅！”写出鹅的声响美，又通过“曲项”与“向天”、“白毛”与“绿水”、“红掌”与“清波”的对比写出鹅的线条美与色彩美，同时，“歌”、“浮”、“拨”等字又写出鹅的动态美，听觉与视觉、静态与动态、音声与色彩完美结合，将鹅的形神活现而出。
《感遇》,《感遇·其二》是唐朝陈子昂创作的古诗作品。
《登幽州台歌》,《登幽州台歌》是唐代诗人陈子昂的作品。这是一首吊古伤今的生命悲歌，从中可以看出诗人孤独遗世、独立苍茫的落寞情怀。此诗通过描写登楼远眺，凭今吊古所引起的无限感慨，抒发了诗人抑郁已久的悲愤之情，深刻地揭示了封建社会中那些怀才不遇的知识分子遭受压抑的境遇，表达了他们在理想破灭时孤寂郁闷的心情，具有深刻的典型社会意义。全诗语言苍劲奔放，富有感染力，结构紧凑连贯，又留有充分的空间：前二句俯仰古今，写出时间漫长；第三句登楼眺望，写出空间辽阔；在广阔无垠的时空背景中，第四句描绘了诗人孤独寂寞苦闷的情绪，两相映照，分外动人，读来酣畅淋漓又余音缭绕。
《登泽州城北楼宴》,登泽州城北楼宴，是唐代大诗人陈子昂，在参加第二次契丹战役后，返回洛阳在途中写下这首怀古五言古诗。此诗是陈子昂最优秀的怀古诗之一。诗中提到秦国大将武安侯白起，他曾在长平大败赵国军队。在陈子昂之后一百年，李贺也访问了这一战场，写下著名的《长平箭头歌》。
《度大庾岭》,《度大庾岭》是唐代诗人宋之问被贬大庾岭时所作的一首诗。此诗表达了作者对被贬边远之地的不满情绪以及盼望有朝一日得以赦免回京的心情。全诗感情真挚，情景交融，章法严谨，音韵谐婉，属对精密，词藻华美，尤其突出的是诗人巧妙地将写景与抒情紧密地结合在一起，既表现出景致优美，又表现出诗人对自己赦免返京的前途充满信心。
《杜审言诗集》,《杜审言诗集》是唐代诗人杜审言的诗集。杜审言，字必简，襄州襄阳人，是杜甫的祖父。高宗咸亨进士，中宗时，因与张易之兄弟交往，被流放峰州。曾任隰城尉、洛阳丞等小官，累官修文馆直学士，少与李峤、崔融、苏味道齐名，称“文章四友”，是唐代“近体诗”的奠基人之一，作品多朴素自然。其五言律诗，格律谨严。王夫之评说杜诗时指出：“近体，梁陈已有，至于杜审言者而始业叶于度。”
《高常侍集》,十卷
《岑嘉州诗集》,唐代著名诗人岑参著。他是唐代著名的边塞诗人。其诗歌富有浪漫主义的特色，气势雄伟，想象丰富，色彩瑰丽，热情奔放，尤其擅长七言歌行。
《王摩诘文集》,《王摩诘文集》是2003年北京图书馆出版社出版的图书，作者是王维。
《孟浩然集》,别集名。唐孟浩然作，唐王士源编。三卷。凡诗二百一十八首。
《过故人庄》,《过故人庄》是唐代诗人孟浩然创作的一首五律，写的是诗人应邀到一位农村老朋友家做客的经过。在淳朴自然的田园风光之中，主客举杯饮酒，闲谈家常，充满了乐趣，抒发了诗人和朋友之间真挚的友情。这首诗初看似乎平淡如水，细细品味就像是一幅画着田园风光的中国画，将景、事、情完美地结合在一起，具有强烈的艺术感染力。
《春晓》,《春晓》是唐代诗人孟浩然隐居在鹿门山时所作，诗人抓住春天的早晨刚刚醒来时的一瞬间展开联想，描绘了一幅春天早晨绚丽的图景，抒发了诗人热爱春天、珍惜春光的美好心情。首句破题，写春睡的香甜；也流露着对朝阳明媚的喜爱；次句即景，写悦耳的春声，也交代了醒来的原因；三句转为写回忆，末句又回到眼前，由喜春翻为惜春。全诗语言平易浅近，自然天成，言浅意浓，景真情真，深得大自然的真趣。
《宿建德江》,《宿建德江》是唐代诗人孟浩然的代表作之一。这是一首刻画秋江暮色的诗，是唐人五绝中的写景名篇。作者把小船停靠在烟雾迷蒙的江边想起了以往的事情，因而以舟泊暮宿作为自己的抒发感情的归宿，写出了作者羁旅之思。第一句点题，也为下面写景抒情作了准备；第二句中“日暮”是“客愁新”的原因；最后两句，因为“野旷”所以天低于树，因为“江清”所以月能近人，天和树、人和月的关系，写得恰切逼真。此诗前两句为触景生情，后两句为借景抒情，描写了清新的秋夜，突出表现了细微的景物特点。全诗淡而有味，含而不露，自然流出，风韵天成，颇有特色。
《黄鹤楼》,《黄鹤楼》是唐代诗人崔颢创作的一首七言律诗。此诗描写了在黄鹤楼上远眺的美好景色，是一首吊古怀乡之佳作。这首诗首联巧用典故由仙人乘鹤归去引出黄鹤楼；颔联紧承首联，说自从仙人离去，黄鹤楼已经历经千百年之久；颈联诗意一转，进入景物描写，写晴日在黄鹤楼所见之景；尾联以写烟波江上日暮怀归之情作结，使诗意重归于开头那种渺茫不可见的境界。全诗虽不协律，但音节嘹亮而不拗口，信手而就，一气呵成；情景交融，意境深远。
《辽西作》,《辽西作》是唐代诗人崔颢创作的一首五言古诗，一题《辽西》。这首诗写在辽西地区征战士兵艰苦的守边生活，饱含同情。全诗语言平实，层次清晰，格调刚健，境界沉雄。
《崔颢集》,《崔颢集》诗别集，由唐代崔颢创作，共二卷。
《咏柳》,《咏柳》是盛唐诗人贺知章写的一首七言绝句。这首诗是一首咏物诗。诗的前两句连用两个新美的喻象，描绘春柳的勃勃生气，葱翠袅娜；后两句更别出心裁地把春风比喻为“剪刀”，将视之无形不可捉摸的“春风”形象地表现出来，不仅立意新奇，而且饱含韵味。
《回乡偶书二首》,《回乡偶书二首》是唐代诗人贺知章的组诗作品，写于作者晚年辞官还乡之时。第一首诗在抒发作者久客他乡的伤感的同时，也写出了久别回乡的亲切感；第二首诗抓住了家乡的变与不变的对比，流露出作者对生活变迁、岁月沧桑、物是人非的感慨与无奈之情。这两首诗语言朴实无华，感情自然逼真，充满生活情趣。
《出塞》,《出塞》是唐朝诗人王昌龄创作的一首七言绝句。此诗内容主要是慨叹远征之苦，良将之苦，体现出了诗人对家国的爱重和维护、对战争胜利的渴望与期盼以及对良将的信心。
《从军行七首》,《从军行七首》是唐代诗人王昌龄的组诗作品。第一首诗刻画了边疆戍卒怀乡思亲的情景；第二首诗描写征戍者在军中听乐观舞所引起的边愁；第三首诗描写古战场的荒凉景象，写将军上表请求归葬战死将士骸骨，表现将帅对士卒的爱护之情；第四首诗表现战士们为保卫祖国矢志不渝的崇高精神；第五首诗描写奔赴前线的戍边将士听到前方部队首战告捷的消息时的欣喜心情，反映了唐军强大的战斗力；第六首诗描写将军欲奔赴边关杀敌立功的急切心情；第七首诗主要描写山峦叠嶂、烽火遍布的边塞景观。全诗意境苍凉，慷慨激昂，充分显示出盛唐气象。
《芙蓉楼送辛渐》,《芙蓉楼送辛渐二首》是唐代诗人王昌龄的组诗作品，作于作者被贬为江宁县丞时。第一首写的是第二天早晨作者在江边送别辛渐的情景；第二首写的是第一天晚上作者在芙蓉楼为辛渐饯别的情景。全诗即景生情，寓情于景，含蓄蕴藉，韵味无穷。
《闺怨》,这是唐代诗人王昌龄描写上流贵妇赏春时心理变化的一首闺怨诗。唐代前期，国力强盛。从军远征，立功边塞，成为人们“觅封侯”的重要途径。诗中的“闺中少妇”和她的丈夫对这一道路也同样充满了幻想。
《登鹳雀楼》,《登鹳雀楼》是盛唐诗人王之涣创作的一首诗。此诗前两句写的是自然景色，但开笔就有缩万里于咫尺，使咫尺有万里之势；后两句写意，写的出人意料，把哲理与景物、情势溶化得天衣无缝，成为鹳雀楼上一首不朽的绝唱。
《凉州词》,《凉州词二首》是唐代诗人王之涣的组诗作品。第一首诗以一种特殊的视角描绘了黄河远眺的特殊感受，同时也展示了边塞地区壮阔、荒凉的景色，悲壮苍凉，流落出一股慷慨之气，边塞的酷寒正体现了戍守边防的征人回不了故乡的哀怨，这种哀怨不消沉，而是壮烈广阔。第二首诗反映的是唐朝与北方少数民族之间的关系。诗歌以汉代唐，写一位边地首领到唐朝来求和亲而未能如愿，通过描写其行动与心理，从侧面烘托唐朝国势的强盛。
《静夜思》,《静夜思》是唐代诗人李白所作的一首五言古诗。此诗描写了秋日夜晚，诗人于屋内抬头望月的所感。诗中运用比喻、衬托等手法，表达客居思乡之情，语言清新朴素而韵味含蓄无穷，历来广为传诵。
《蜀道难》,《蜀道难》是中国唐代伟大诗人李白的代表作品。此诗袭用乐府旧题，以浪漫主义的手法，展开丰富的想象，艺术地再现了蜀道峥嵘、突兀、强悍、崎岖等奇丽惊险和不可凌越的磅礴气势，借以歌咏蜀地山川的壮秀，显示出祖国山河的雄伟壮丽，充分显示了诗人的浪漫气质和热爱自然的感情。全诗二百九十四字，采用律体与散文间杂，文句参差，笔意纵横，豪放洒脱，感情强烈，一唱三叹。诗中诸多的画面此隐彼现，无论是山之高，水之急，河山之改观，林木之荒寂，连峰绝壁之险，皆有逼人之势，气象宏伟，境界阔大，集中体现了李白诗歌的艺术特色和创作个性。清代诗评家沈德潜评此诗：“笔势纵横，如虬飞蠖动，起雷霆于指顾之间。”
《将进酒》,《将进酒》是唐代大诗人李白沿用乐府古题创作的一首诗。此诗为李白长安放还以后所作，思想内容非常深沉，艺术表现非常成熟，在同题作品中影响最大。诗人豪饮高歌，借酒消愁，抒发了忧愤深广的人生感慨。诗中交织着失望与自信、悲愤与抗争的情怀，体现出强烈的豪纵狂放的个性。全诗情感饱满，无论喜怒哀乐，其奔涌迸发均如江河流泻，不可遏止，且起伏跌宕，变化剧烈；在手法上多用夸张，且往往以巨额数量词进行修饰，既表现出诗人豪迈洒脱的情怀，又使诗作本身显得笔墨酣畅，抒情有力；在结构上大开大阖，充分体现了李白七言歌行的特色。
《梦游天姥吟留别》,《梦游天姥吟留别》是唐代大诗人李白的诗作。这是一首记梦诗，也是一首游仙诗。此诗以记梦为由，抒写了对光明、自由的渴求，对黑暗现实的不满，表现了蔑视权贵、不卑不屈的叛逆精神。诗人运用丰富奇特的想象和大胆夸张的手法，组成一幅亦虚亦实、亦幻亦真的梦游图。全诗构思精密，意境雄伟，内容丰富曲折，形象辉煌流丽，感慨深沉激烈，富有浪漫主义色彩。其在形式上杂言相间，兼用骚体，不受律束，笔随兴至，体制解放，堪称绝世名作。
《行路难》,《行路难三首》是唐代伟大诗人李白的组诗作品。这三首诗抒写了诗人在政治道路上遭遇艰难后的感慨，反映了诗人在思想上既不愿同流合污又不愿独善一身的矛盾。正是这种无法解决的矛盾所激起的感情波涛使组诗气象非凡。诗中跌宕起伏的感情，跳跃式的思维，以及高昂的气势，又使作品具有独特的艺术魅力，而成为后人广为传诵的千古名篇。
《望岳》,《望岳》是唐代诗人杜甫创作的五言古诗。这首诗通过描绘泰山雄伟磅礴的景象，热情赞美了泰山高大巍峨的气势和神奇秀丽的景色，流露出了对祖国山河的热爱之情，表达了诗人不怕困难、敢攀顶峰、俯视一切的雄心和气概，以及卓然独立、兼济天下的豪情壮志。
《登高》,《登高》是唐代伟大诗人杜甫于大历二年秋天在夔州所作的一首七律。前四句写景，述登高见闻，紧扣秋天的季节特色，描绘了江边空旷寂寥的景致。首联为局部近景，颔联为整体远景。后四句抒情，写登高所感，围绕作者自己的身世遭遇，抒发了穷困潦倒、年老多病、流寓他乡的悲哀之情。颈联自伤身世，将前四句写景所蕴含的比兴、象征、暗示之意揭出；尾联再作申述，以衰愁病苦的自我形象收束。此诗语言精练，通篇对偶，一二句尚有句中对，充分显示了杜甫晚年对诗歌语言声律的把握运用已达圆通之境。
《春望》,《春望》是唐代大诗人杜甫创作的一首诗。此诗前四句写春日长安凄惨破败的景象，饱含着兴衰感慨；后四句写诗人挂念亲人、心系国事的情怀，充溢着凄苦哀思。全诗格律严整，颔联分别以“感时花溅泪“应首联国破之叹，以“恨别鸟惊心”应颈联思家之忧，尾联则强调忧思之深导致发白而稀疏，对仗精巧，声情悲壮，充分地表现出诗人爱国之情。
《三吏》,三吏，指唐朝诗人杜甫的三首诗：《石壕吏》、《新安吏》、《潼关吏》。体现了杜甫的思想核心——儒家的仁政思想，以及“致君尧舜上，再使风俗淳”的宏伟抱负。
《三别》,三别为唐代诗人杜甫所作，是指《新婚别》、《无家别 》、《垂老别》。诗人耳闻目睹了惨败后人民罹难的痛苦情状，经过艺术提炼，写成组诗“三吏”、“三别”。
《茅屋为秋风所破歌》,《茅屋为秋风所破歌》是唐代伟大诗人杜甫旅居四川成都草堂期间创作的一首歌行体古诗。此诗叙述作者的茅屋被秋风所破以致全家遭雨淋的痛苦经历，抒发了自己内心的感慨，体现了诗人忧国忧民的崇高思想境界，是杜诗中的典范之作。全篇可分为四段，第一段写面对狂风破屋的焦虑；第二段写面对群童抱茅的无奈；第三段写遭受夜雨的痛苦；第四段写期盼广厦，将苦难加以升华。前三段是写实式的叙事，诉述自家之苦，情绪含蓄压抑；后一段是理想的升华，直抒忧民之情，情绪激越轩昂。前三段的层层铺叙，为后一段的抒情奠定了坚实的基础，如此抑扬曲折的情绪变换，完美地体现了杜诗”沉郁顿挫“的风格。
《白氏长庆集》,《白氏长庆集》是唐代白居易作品的集名。本书原在唐穆宗长庆年间编集出版，故名为《白氏长庆集》。原为七十五卷，前集五十卷，后集二十卷。到了宋代已经亡轶四卷，现存七十一卷。有影印宋绍兴本，不分前、后、续集，其中诗三十七卷，分为讽喻、闲话、感伤、歌行、杂律等，文三十四卷。
《长恨歌》,《长恨歌》是唐代诗人白居易的一首长篇叙事诗。全诗形象地叙述了唐玄宗与杨贵妃的爱情悲剧。诗人借历史人物和传说，创造了一个回旋宛转的动人故事，并通过塑造的艺术形象，再现了现实生活的真实，感染了千百年来的读者，诗的主题是“长恨”。该诗对后世诸多文学作品产生了深远的影响。
《琵琶行》,白居易;琵琶行;原作《琵琶引》，选自《白氏长庆集》。行，又叫“歌行”，源于汉魏乐府，是其名曲之一。《白居易琵琶行》：董其昌书。他的草书很少，且不甚好。此卷前人曾说是“笔势纵横，神气飘逸，出入张，素之间。”他自己说“白太傅琵琶行，恨不逢张伯高之，余以醉素笔意仿佛当时清狂之状，白相似不？”现在看来，此卷虽系学张、素，实则姿态秀逸，笔力不足，仍是他自己的本色。
《卖炭翁》,《卖炭翁》是唐代诗人白居易创作的《新乐府》组诗中的一篇。此诗以个别事例来表现普遍状况，描写了一个烧木炭的老人谋生的困苦，通过卖炭翁的遭遇，深刻地揭露了“宫市”的腐败本质，对统治者掠夺人民的罪行给予了有力的鞭挞与抨击，讽刺了当时腐败的社会现实，表达了作者对下层劳动人民的深切同情，有很强的社会典型意义。全诗描写具体生动，历历如绘，结尾戛然而止，含蓄有力，在事物细节的选择上和人物心理的刻画上有独到之处。
《溪居》,《溪居》是唐代诗人柳宗元贬官永州时所作的一首五言古诗。这首诗描写诗人被贬官到有“南荒”之称的永州后，在溪边筑室而居，过着闲适的生活。表面上自我排遣，也自得其乐，实际上曲折地表达被贬谪的幽愤，字里行间隐含了作者壮志难酬的苦闷之情。在表现手法上，全诗不假雕琢，放笔写来，自然平淡而又清新旷远。
《江雪》,《江雪》是唐代诗人柳宗元于永州创作的一首五言绝句。诗中运用典型概括的手法，选择千山万径，人鸟绝迹这种最能表现山野严寒的典型景物，描绘大雪纷飞，天寒地冻的图景；接着勾画独钓寒江的渔翁形象，借以表达诗人在遭受打击之后不屈而又深感孤寂的情绪。全诗构思独特，语言简洁凝练，意蕴丰富。
《渔翁》,《渔翁》是唐代文学家柳宗元创作的一首山水小诗。此诗通过渔翁在山水间获得内心宁静的描写，表达了作者在政治革新失败、自身遭受打击后寻求超脱的心境。全诗就像一幅飘逸的风情画，充满了色彩和动感，境界奇妙动人。其中“烟销日出不见人，欸乃一声山水绿”两句尤为人所称道。
《故洛城》,《登洛阳故城》是唐代诗人许浑所写的一首七律。此诗首联描写登上洛阳城的所见所闻，通过对眼前景物的表现，点出诗题的“故”字；颔联通过写洛阳城古今的变化和人世的变迁，揭示富贵不能长久、权势不能永存的历史规律；颈联中诗人的视线又转回眼前，描写暮色笼罩下的洛阳城；尾联诗人用神话传说表达对世事沧桑的无奈，并进行追古伤今的理性思考。全诗写得含蓄而深沉，运思开阔，语言富有表现力，但情调感伤，意境苍凉，文辞精致而骨力卑弱。
《咸阳城东楼》,《咸阳城东楼》是唐代诗人许浑的作品。此诗用云、日、风、雨层层推进，又以绿芜、黄叶来渲染，勾勒出一个萧条凄凉的意境，借秦苑、汉宫的荒废，抒发了对家国衰败的无限感慨。全诗情景交融，景中寓情，诗人通过对景物的描写，赋予抽象的感情以形体，在呈现自然之景的同时又体现丰富的生活经验，以及对历史和现实的深刻思考。景别致而凄美，情愁苦而悲怆，意蕴藉而苍凉，境雄阔而高远，神完气足，为唐人登临诗篇之佳作。
《姑苏怀古》,《姑苏怀古》为唐代诗人许浑所作，诗人运用了比兴手法，描写了姑苏古城残砖败瓦间禾黍成行，断壁颓垣上蒿草丛生的衰败之景，表现诗人对人生短促、历史无情，自然永恒的感慨之情。
《论佛骨表》,《论佛骨表》是唐代文学家韩愈于元和十四年向唐宪宗上的一篇奏表。该表中心论点是“佛不足事”，集中表现了作者坚决反对唐宪宗拜迎佛骨这一迷信举动，充分显示了作者反佛明儒的坚定立场和英勇无畏的战斗精神。该表广征博引，说古论今，结构严谨，逻辑性强，感情激烈。
《师说》,《师说》是唐代文学家韩愈创作的一篇议论文。文章阐说从师求学的道理，讽刺耻于相师的世态，教育了青年，起到转变风气的作用。文中列举正反面的事例层层对比，反复论证，论述了从师表学习的必要性和原则，批判了当时社会上“耻学于师”的陋习，表现出非凡的勇气和斗争精神，也表现出作者不顾世俗独抒己见的精神。全文幅虽不长，但涵义深广，论点鲜明，结构严谨，说理透彻，富有较强的说服力和感染力。
《进学解》,《进学解》是唐代文学家韩愈创作的一篇古文，是作者假托向学生训话借以抒发牢骚之作。全文可分三大段：第一段写国子先生解析进学正义，向诸生陈明形势，正面得出“业患不能精，无患有司之不明；行患不能成，无患有司之不公”的结论；第二段写学生进行辩解，以先生在“学”“言”“文”“行”四个方面的努力、成就与自身遭遇对照，先扬后抑，驳斥先生的结论；第三段写先生再作自我解嘲，针对学生之意申说发挥，表明随意而安的态度，对朝廷隐含讥刺。文章构思别出心裁，语言新颖形象，在技巧上吸收了辞赋体的铺叙、排偶、藻饰、用韵等形式，又加以革新改造，富于整饬之美。名言“业精于勤，荒于嬉；行成于思，毁于随”即出于此文。
《寄全椒山中道士》,《寄全椒山中道士》是唐代诗人韦应物的作品。此诗抒写秋风秋雨之夕，诗人怀念山中的一位道士，想携酒去安慰老友又无从寻觅的惆怅之情，寄托了诗人深挚的情愫和淡远的情趣。全诗语言简洁，平淡无奇，然感情跳荡反复，形象鲜明自然，情味幽远。
《学仙二首》,《学仙二首》是唐朝著名文学家韦应物的代表作品之一。
《韦苏州集》,《韦苏州集》是唐代诗人韦应物的诗集，该书反映了中唐时期苏州地区刻书的风貌，是韦应物诗集现存最早的版本。
《观田家》,《观田家》是唐代诗人韦应物所写的一首描写农家生活的五言律诗。该诗语言平实，绝少雕饰，是诗人站在同情人民疾苦的立场上对不合理的社会现实的揭露与抨击，客观真实地展示了田家生活的凄楚与悲哀。
《神弦曲》,《神弦曲》是一首神曲，常言道，千金易得，知音难觅。刘勰就曾感慨地说过：“得其知音，千载其一乎？”但音乐家李凭总算遇到了李贺这样的“知音”；诗人不但有一副音乐的耳朵，更有一支把音乐美转化为诗美的神笔！这的确是李凭的幸运。然而，在当时真正能够欣赏李凭绝技的人，恐怕也正象能够赏识李贺的人一样稀少吧？深受压抑的心情和对理想的执着追求，这可能正是形成李贺这位浪漫主义诗人奇峭风格的一个重要原因。
《雁门太守行》,《雁门太守行》是唐代诗人李贺运用乐府古题创作的一首描写战争场面的诗歌。此诗用浓艳斑驳的色彩描绘悲壮惨烈的战斗场面，奇异的画面准确地表现了特定时间、特定地点的边塞风光和瞬息万变的战争风云。首联写景又写事，渲染兵临城下的紧张气氛和危急形势，并借日光显示守军威武雄壮；颔联从听觉和视觉两方面渲染战场的悲壮气氛和战斗的残酷；颈联写部队夜袭和浴血奋战的场面；尾联引用典故写出将士誓死报效国家的决心。全诗意境苍凉，格调悲壮，具有强烈的震撼力和艺术魅力。
《金铜仙人辞汉歌》,《金铜仙人辞汉歌》是唐代诗人李贺因病辞职由京师长安赴洛阳途中所作的一首诗。诗人借金铜仙人辞汉的史事，来抒发兴亡之感、家国之痛和身世之悲。全诗设想奇特，而又深沉感人；形象鲜明，而又变幻多姿；词句奇峭，而又妥帖绵密。此诗充满了浪漫主义色彩，是李贺的代表作品之一。特别是其中“天若有情天亦老”一句，已成为传诵千古的名句，曾被毛泽东引用在其诗《七律·人民解放军占领南京》中。
《昌谷集》,昌谷集，唐李贺撰。贺事迹具《新唐书·文学传》。案贺系出郑王，故自以郡望称陇西。实则家於昌谷。昌谷地近洛阳，於唐为福昌县，今为宜阳县地。
《刘梦得文集》,唐刘禹锡撰。禹锡字梦得，故名〖刘梦得文集〗，〖刘梦得文集〗三十卷，《外集》十卷。
《刘宾客文集》,唐刘禹锡撰。《唐书》禹锡本传称为彭城人，盖举郡望。实则中山无极人。是编亦名《中山集》，盖以是也。陈振孙《书录解题》称原本四十卷，宋初佚其十卷。
《商山早行》,《商山早行》选自《温飞卿诗集笺注》。是唐代文学家温庭筠的诗作。此诗描写了旅途中寒冷凄清的早行景色，抒发了游子在外的孤寂之情和浓浓的思乡之意，字里行间流露出人在旅途的失意和无奈。
《过陈琳墓》,《过陈琳墓》是唐代诗人温庭筠创作的一首咏史怀古诗，是唐诗中的名篇之一，是作者凭吊陈琳墓有感而作。此诗贯串着诗人自己和陈琳之间不同的时代、不同的际遇的对比，即霸才无主和霸才有主的对比，青史垂名和书剑飘零的对比。全诗文采斐然，寄托遥深，既凭吊陈琳，又自伤身世，堪称咏史佳作。
《苏武庙》,《苏武庙》是唐代文学家温庭筠创作的一首咏史诗。此诗是作者瞻仰苏武庙时所作，含蓄地表达了作者对苏武所怀的敬意，热情地赞扬苏武的民族气节，寄托着作者的爱国情怀。全诗借凭吊古迹而致慨，遥念先贤，启迪后进，感情极为真挚。艺术方面，其一，在有关时、空描写方面，诗篇深得纵横捭阖、驰骋自如之妙；其二，灵巧、活泼的用典，使诗歌更加情思永，耐人寻味；其三，灵巧的对仗，增加了诗歌的绘画美。
《菩萨蛮》,《菩萨蛮》是唐代文学家温庭筠的作品，包括《菩萨蛮·小山重叠金明灭》《菩萨蛮·水精帘里颇黎枕》《菩萨蛮·蕊黄无限当山额》《菩萨蛮·翠翘金缕双鸂鶒》《菩萨蛮·杏花含露团香雪》《菩萨蛮·玉楼明月长相忆》《菩萨蛮·凤凰相对盘金缕》《菩萨蛮·牡丹花谢莺声歇》《菩萨蛮·满宫明月梨花白》《菩萨蛮·宝函钿雀金鸂鶒》《菩萨蛮·南园满地堆轻絮》《菩萨蛮·夜来皓月才当午》《菩萨蛮·雨晴夜合玲珑日》《菩萨蛮·竹风轻动庭除冷》等十四首词。
《李义山诗集》,《李义山诗集》共三卷，存诗约六百首。诗人李商隐以途中见闻，展现了甘露事变后灾难深重、民不聊生的社会实况，并追溯唐王朝治乱盛衰的历史变化，从今昔对比中，指出祸乱的根源。
《阿房宫赋》,《阿房宫赋》是唐代文学家杜牧创作的一篇赋体文章。文章通过对阿房宫兴建及其毁灭的描写，生动形象地总结了秦朝统治者骄奢亡国的历史教训，向唐朝统治者发出了警告，表现出一个正直文人忧国忧民、匡世济俗的情怀。全文运用了想像、比喻与夸张等手法以及描写、铺排与议论等方式，骈散结合，错落有致。文章语言精练，工整而不堆砌，富丽而不浮华，气势雄健，风格豪放。
《遣怀》,《遣怀》是唐代诗人杜牧的作品。这是诗人感慨人生、自伤怀才不遇之作。前两句再现诗人蹉跎时日、沉迷声色的生活状况；后两句抒发感慨，表现悔悟、自责以及欲将振作之意。全诗表面上是抒写自己对往昔扬州幕僚生活的追忆与感慨，实际上发泄自己对现实的满腹牢骚，对自己处境的不满。此诗流传很广，在后世尤其得到文人的激赏。
《樊川文集》,《樊川文集》是唐代诗人杜牧创作的一部诗文集。本书收录了唐朝有“小李杜”之称中的杜牧的大量诗词，阅读后有助于了解杜牧诗词的风格，享受诗人所创作之诗的意境之美。
《甲乙集》,《甲乙集》是2004年3月北京图书馆出版社出版的图书，作者是罗隐。
《谗书》,道家著作，罗隐是唐末五代时期的一位道家学者，著有《谗书》及《太平两同书》等。罗隐的思想属于道家，其书乃在力图提炼出一套供天下人使用的“太平匡济术”，是乱世中黄老思想复兴发展的产物。
《文薮》,《文薮》是唐代皮日休编著的诗文别集。
《十原》,《十原系述》是唐代皮日休创作的一篇散文。
《欧阳文忠公集》,欧阳文忠公集，因欧阳修死后谥号为“文忠”，故名。共153卷，附录5卷。其中《居士集》、《易童子集》、《外制集》、《内制集》、《表奏书启四六集》、《奏议集》等一百十四卷，《归田录》、《诗话》、《长短句》等十九卷，《集中录跋尾》十卷，书简十卷。前附年谱，后附行状、墓志、传文等五卷。书中《居士集》为作者晚年自己编定，其余都是南宋周必大编定的。
《东坡七集》,苏轼的诗文集110卷。包括《东坡集》40卷，《东坡后集》20卷，《东坡奏议》15卷，《东坡外制集》3卷附乐语，《东坡内制集》10卷，《东坡应诏集》10卷，《东坡续集》12卷附校记。从文学的角度看，价值较高的在前，后续三集，基本上包括了他的诗，词，散文，书简，序论等。前后两集编定时间较早，比较可靠。今存较早的七集本，是明成化四年江西吉安府程宗刻本·清光绪年间，有缪荃孙校刊本·民国年间有《四部备要》本。
《东坡易传》,”全书以“四库全书”中的《东坡易传》为底本，参照其它多种刻本进行校勘整理，并在每一篇章前写了简要评介，以便于读者阅读和理解。
《东坡乐府》,东坡乐府，北宋苏轼的词集。今存最早的版本是元代延佑年间括苍人叶曾云间南阜书堂刻本，该本子曾于一九五七年由古典文学出版社影印出版。一九七九年，复旦大学中文系陈允吉用影印元刊本作底本，并以《宋六十名家词》、《四印斋所刻词》、《︹村丛书》等本子中所及苏轼词作校，校点整理，由上海古籍出版社出版。《东坡乐府》在宋徽宗崇宁二年与苏轼的其他著作集子一起被禁。
《后山先生集》,《妾薄命二首》是北宋诗人陈师道创作的五言古诗组诗。这首诗以一位侍妾悲悼主人的口吻抒写了自己对老师曾巩的悼念。第一首诗托侍妾之口，写主死之悲，并表达了不愿转事他人的贞心。第二首是第一首的继续，纯是抒情，表达夫主去世后女子感到极端地孤寂惨痛，誓愿杀身相报。整首诗平淡典雅，精炼浓缩，写得感情真挚动人。
《后山词》,《南乡子·咏棣棠菊》是北宋词人陈师道所作的一首词。
《山谷词》,《山谷词》的作者是黄庭坚，属于类型诗词
《诚斋集》,《诚斋集》 别集。南宋杨万里作，其子长孺编。一百三十三卷。凡诗四十二卷，赋三卷，文八十七卷，附录一卷。有《四部丛刊》影印宋钞本。又有清杨云采校刻《杨文节公诗集》四十二卷。
《石湖集》,《范石湖集》是范成大的诗词集，收《石湖诗》三十四卷，《石湖词》一卷。书后附传记、校记及清人沈钦韩作的《范石湖诗集注》等资料。范石湖集，宋范成大撰。范氏所著诗文，早有全集刊本，共一百三十六卷。其中诗词两部分，赖清人先后重刊、辑刻，尚有流傅。范成大是与陆游齐名的南宋著名诗人。他以诗歌形式，咏赞田园风光，反映民生疾苦，抒发爱国思想，描写山川行旅等，有较高的思想价值。在艺术风格上清新婉丽，俊秀自然，带有唐诗韵味。
《揽辔录》,《揽辔录》，是南宋大臣范成大于乾道六年出使金国的日记，记述了过程中的一些事迹。
《吴船录》,《吴船录》，宋范成大著。上、下二卷。宋孝宗淳熙四年，作者自四川制置使召还，五月由成都起程，取水路东下，于十月抵临安，随日记所阅历着为此书。题名取杜甫诗《绝四句首》「门泊东吴万里船」句意。书中对沿途名胜古迹如青城山、都江堰、峨眉山、乐山大佛、长江三峡、洞庭湖、赤壁、黄州、庐山等记载尤详，且时有考证。今有《宝颜堂秘笈》《四库全书》、《知不足斋丛书》、《笔记小说大观》、《丛书集成初编》等二卷本以及《续百川学海》、《稗乘》、《说郛》等一卷本。
《吴郡志》,《吴郡志》，又作《吴门志》，即南宋平江府志，范成大撰，为地方志名作。
《桂海虞衡志》,《桂海虞衡志》是记述广南西路风土民俗的著作。宋范成大撰﹐一卷。范成大字至能，平江府人，素有文名、尤工诗。曾于南宋孝宗乾道八年至淳熙二年知广南西路静江府﹐淳熙二年正月转任四川制置使兼知成都府。该书是他由广西入蜀道中追忆而作。
《剑南诗稿》,"《剑南诗稿》是一部体现民族精神的诗集，作为陆游诗词全集，共八十五卷，收录诗词九千三百四四首，他生当金兵入侵之时，中年到过南郑前线,抗金与收复失地是他诗歌中的主旋律。为纪念在川、陕的军旅生活，他把诗集命名为《剑南诗稿》。"
《渭南文集》,《渭南文集》是南宋词人陆游自编的一部词文集，共五十卷，分为文集四十二卷，《入蜀记》六卷，词二卷。陆游曾封渭南县伯，故集名《渭南文集》。
《老学庵笔记》,《老学庵笔记》是南宋陆游创作的一部笔记，内容多是作者或亲历、或亲见、或亲闻之事、或读书考察的心得，以流畅的笔调书写出来，因此不但内容真实丰富，而且兴趣盎然，是宋人笔记丛中的佼佼者。
《临川先生文集》,《临川先生文集》，中国诗文别集。临川文学重要组成部分，与王安石的另一部著作《周官新义》一样，在中国经学发展史上占据着特殊的地位。各种版本的王安石《全集》均收载此书，标点本中以1962年上海中华书局版《王文公文集》、1974年上海人民出版社版《王文公文集》最佳。
《遗山集》,《遗山集》是2005年吉林出版集团出版的图书，作者是元好问。
《中州集》,《中州集》是一部由元好问编定的金朝诗歌总集，共辑录 251位作家人的2062首作品。
《续夷坚志》,《续夷坚志·湖海新闻夷坚续志》是中华书局出版的一本图书，作者是元好问 无名氏。
《墨梅》,《墨梅》是元代诗人王冕创作的一首七言绝句。此诗开头两句直接描写墨梅，最后两句盛赞墨梅的高风亮节，赞美墨梅不求人夸，只愿给人间留下清香的美德，实际上是借梅自喻，表达自己对人生的态度以及不向世俗献媚的高尚情操。全诗构思精巧、淡中有味，直中有曲，极富清新高雅之气。
《白梅》,《白梅》是元代王冕创作的七言绝句。诗人采取托物言志的手法歌咏了白梅的高洁品格，同时借梅自喻，表达自己的人生态度。诗人既是咏物，也是歌咏人的精神品格。
《南枝春早图》,《历代名画宣纸高清大图:王冕南枝春早图》采用高清宣纸制作，力求体现画作整体的最高艺术水平，且添加内容简介、风格阐述、作者介绍，以方便读者鉴赏学习。此图绘一枝老梅虬枝如铁，从左上方以S型直插向右下角，粗壮的主干以书法的笔意奋力写出，挺劲洒脱。枝干的末梢长短粗细各有不同，颇有汤叔雅的遗意。
《高太史大全集》,《高太史大全集》是由出版社出版的一部教育作品，作者是高启。
《凫藻集》,古籍名凫藻集，作者是明朝的高启，他短暂的三十九年人生，以诗著称，留下诗二千余首，四五言短句犹可爱。杂著《凫藻集》、《扣舷集》颇有新意，许多见解值得品味。他的词写生活境遇，直白而饶有韵味。
《升庵集》,杨慎，明代著名学者、文学家，字用修，号升庵，四川新都人。杨慎一生历经坎坷，然而性情狂放、率直激烈、交游甚广。杨慎一生作品很多，文学作品主要收录在《升庵集》里。杨慎列出了一张与李东阳不尽相同的龙生九子名单；评价暴秦“南槐之一梦也”；奸相严嵩是杨慎的故交；相门出身，早登科第，流放永昌，老死滇南，对云南文学产生的影响巨大。
《江陵别内》,《临江仙·戍云南江陵别内》是明代词人杨慎所写的一首词。词入手即点出离别地点：“楚塞”指的是江陵西面的南津关，因江陵在春秋时是楚国的郢都，南津关扼守西陵峡口，形势险要，历来是兵家必争的要塞。“巴山”指高耸夹峙在巴东三峡之一的西陵峡两岸的巴蜀山峰。作者与妻子的告别之处正在江陵的临江渡口。
《樊榭山房集》,《樊榭山房集》是厉鹗的诗文集，10卷2册；《樊榭山房续集》10卷2册共4册20卷全、每册近90页180面共700余面。迄今为止，收录其作最全的本子为上海古籍出版社1992年出版的《樊榭山房集》整理本。
《宋诗纪事》,《宋诗纪事》是清代厉鹗编辑的宋代诗歌资料汇集，共100卷。书中录宋诗作者3812家及其小传。书中记载了与诗歌有关的事迹和人物。诗后列举了有关诗的本事。本书兼有诗选性质。
《曝书亭集》,《曝书亭集》是清代词人朱彝尊去世前，亲自删定的一部词集。全集共八十卷，包括赋一卷、古今诗二十二卷、词七卷、文五十卷，又附录散曲《叶儿乐府》一卷。该集刻成于康熙四十八年。
《经义考》,《经义考》是清朱彝尊考证历代经籍存佚的著作。 清代初年，随着学风逐渐由空返实，学者不约而同倡导经学，注重考据，朱彝尊也详考历代经籍存佚情形，撰三百卷。
《明诗综》,《明诗综》，明代中国诗歌总集，共一百卷，朱彝尊辑录，其友汪森、朱端、张大受等人分卷辑评。收录明初洪武直至明末崇祯历朝诗人以及明亡后遗民及殉节大臣共3400余人的作品。附有作家小传及其友人汪森，朱端等人的分卷辑评，并附自著《静志居诗话》。
《词综》,书名，词总集。清代朱彝尊、汪森编。朱彝尊，字锡鬯，号竹垞。浙江秀水人。举博学鸿词科，授检讨。
《船山诗草》,《船山诗草》，清张问陶撰。
《离骚》,《离骚》是中国战国时期诗人屈原创作的诗篇，是中国古代最长的抒情诗。此诗以诗人自述身世、遭遇、心志为中心。前半篇反复倾诉诗人对楚国命运和人民生活的关心，表达要求革新政治的愿望，和坚持理想、虽逢灾厄也绝不与邪恶势力妥协的意志；后半篇通过神游天界、追求理想的实现和失败后欲以身殉的陈述，反映出诗人热爱国家和人民的思想感情。全诗运用美人香草的比喻、大量的神话传说和丰富的想象，形成绚烂的文采和宏伟的结构，表现出积极的浪漫主义精神，并开创了中国文学史上的“骚体”诗歌形式，对后世产生了深远影响。其主要注本有东汉王逸的《楚辞章句》、南宋朱熹的《楚辞集注》、清代戴震的《屈原赋注》等。
《九歌》,《九歌》是《楚辞》的篇名，原为中国神话传说中的一种远古歌曲的名称，战国楚人屈原在楚地民间祭神乐歌的基础上改作加工而成，诗中创造了大量神的形象，大多是人神恋歌。《九歌》共十一篇：《东皇太一》、《云中君》、《湘君》、《湘夫人》、《大司命》、《少司命》、《东君》、《河伯》、《山鬼》、《国殇》、《礼魂》。
《九章》,《九章》是短篇抒情诗集，包括9篇作品。依王逸《楚辞章句》的次序是：《惜诵》、《涉江》、《哀郢》、《抽思》、《怀沙》、《思美人》、《惜往日》、《橘颂》、《悲回风》。这9篇的作者，王逸都定为屈原。
《天问》,《天问》是中国战国时期诗人屈原创作的一首长诗。此诗从天地离分、阴阳变化、日月星辰等自然现象，一直问到神话传说乃至圣贤凶顽和治乱兴衰等历史故事，表现了作者对某些传统观念的大胆怀疑，以及追求真理的探索精神，具有浓厚的道家色彩。语言别具一格，句式以四言为主，不用语尾助词，四句一节，每节一韵，节奏音韵自然协调。全诗通篇是对天地、自然和人世等一切事物现象的发问，内容奇绝，显示出作者沉潜多思、思想活跃、想象丰富的个性，表现出超卓非凡的学识和惊人的艺术才华，被誉为是“千古万古至奇之作”。
《九辩》,《九辩》是中国古代浪漫主义诗集《楚辞》中的一首感情深挚的长篇抒情诗，共有250多句。东汉王逸定为战国时期楚国的宋玉所作。从诗的内容来看，其基本思想是表达“贫士失职而志不平”的感慨。这种感慨，在中国古代社会中带有普遍性。此诗在一定程度上对现实的黑暗有所反映，并表达了诗人“处浊世而显荣兮，非余心之所乐；与其无义而有名兮，宁处穷而守高”的志尚。在艺术上，《九辩》虽多模仿屈原《离骚》之处，但也有自己的特色。它善于借景抒情，融情于景，并且句法多变，能够巧妙地运用双声叠韵和叠字等修辞手法，读起来抑扬顿挫，饶有音乐美，从而具有很强的艺术感染力。
《风赋》,《风赋》是战国末期文学家宋玉创作的文学作品。这篇文章以风为题材，分为四个层次。首先写宋玉与楚襄王间关于风的一段对话，提出庶人不能享受大王之风；接着描写风的性质和动态；再描写大王之雄风的性状，指出它“清凉增欷，清清泠泠，愈病析醒，发明耳目，宁体便人”；最后描写庶人之雌风的性状，指出它“驱温致湿，中心惨怛，生病造热”，不利于人。作品采用夸张的手法，通过“大王之雄风”和“庶人之雌风”的对比描写，使大王奢侈豪华的生活和庶人贫穷悲惨的生活形成鲜明的对照，揭露社会生活中不平等的现象。通篇采用铺陈笔法，刻画风的动态十分细致。
《高唐赋》,《高唐赋》是战国末期辞赋家宋玉创作的一篇赋。此赋在序中通过对话写了楚顷襄王之前的某位楚王与神女巫山欢会的故事。正文分六段，第一段写雨后新晴而百川汇集时水势奔腾澎湃之状；第二段写山中草木繁茂兴旺，风吹枝条发出悲鸣声宛如音乐，打动了各种人的心弦；第三段写登山远望，所见山势高峻险恶，岩石崎岖参差，山高穴深，怪石嶙岣，动人心魄；第四段写登上高唐观之侧可见迥然不同的景象：芳草丛生，众鸟和鸣，一些术士仙人正在聚会祈祷；第五段写楚王奏乐畋猎的盛况；最后一段指出楚王如能进用贤才，就会精神通畅，延年益寿，不必去与神女相会。全赋辞釆瑰丽，铺陈排比，刻意形容，句法多变化，行文气势贯通，通过夸张描写给人一种壮美感，读起来琅琅上口。
《神女赋》,《神女赋》是战国时期辞赋家宋玉创作的一篇赋。此赋赋序写作者夜梦神女，乃告于楚襄王，楚襄王命其作赋；正文则先细致描写神女的容颜、装饰、仪态和作者向神女求爱而遭拒绝的过程，再写神女离去之态和作者对她的思念。全赋交错运用了各种句式，做到整散相间而错落有致，使语言不仅具有一种鲜明的节奏感和音乐美，而且具有一种散文体的自如流畅的气势。
《登徒子好色赋》,《登徒子好色赋》是战国时期楚国文学家宋玉的辞赋作品。此赋巧妙地运用烘托的手法描绘了美女，不少辞句如“东家之子，增之一分则太长，减之一分则太短，着粉则太白，施朱则太赤”等历来被视为展示女性之美的经典之笔。文章还刻画了一个丑女形象说明登徒子的好色，并借章华大夫之口，表明自己的爱情观。全文寓理于事，刻画生动形象，比喻精巧传神，具有很高的艺术成就。
《水龙吟·登建康赏心亭》,《水龙吟·登建康赏心亭》是南宋文学家辛弃疾创作的一首词。全词就登临所见挥发，由写景进而抒情，情和景融合无间，将内心的感情写得既含蓄而又淋漓尽致。虽然出语沉痛悲愤，但整首词的基调还是激昂慷慨的，表现出辛词豪放的风格特色。
《永遇乐·京口北固亭怀古》,《永遇乐·京口北固亭怀古》是南宋词人辛弃疾创作的一首词。作者是怀着深重的忧虑和一腔悲愤写这首词的。上片赞扬在京口建立霸业的孙权和率军北伐气吞胡虏的刘裕，表示要像他们一样金戈铁马为国立功。下片借讽刺刘义隆表明自己坚决主张抗金但反对冒进误国的立场和态度。全词豪壮悲凉，义重情深，放射着爱国主义的思想光辉。词中用典贴切自然，紧扣题旨，增强了作品的说服力和意境美。
《美芹十论》,《美芹十论》为南宋爱国词人辛弃疾所作，该书从第一论以至于第十论，无一不是精辟之论。同时，这也是一部很好的军事论著，有着很高的研究价值。除此之外，《美芹十论》成了辛弃疾的代名词，郭沫若先生为辛弃疾墓写过一副挽联：“铁板铜琶，继东坡高唱大江东去；美芹悲黍，冀南宋莫随鸿雁南飞。”。
《声声慢·寻寻觅觅》,《声声慢·寻寻觅觅》是宋代女词人李清照的作品。作品通过描写残秋所见、所闻、所感，抒发自己因国破家亡、天涯沦落而产生的孤寂落寞、悲凉愁苦的心绪，具有浓厚的时代色彩。此词在结构上打破了上下片的局限，一气贯注，着意渲染愁情，如泣如诉，感人至深。开头连下十四个叠字，形象地抒写了作者的心情；下文“点点滴滴”又前后照应，表现了作者孤独寂寞的忧郁情绪和动荡不安的心境。全词一字一泪，风格深沉凝重，哀婉凄苦，极富艺术感染力。
《一剪梅·红藕香残玉簟秋》,《一剪梅·红藕香残玉簟秋》是宋代女词人李清照的作品。此词作于词人与丈夫赵明诚离别之后，寄寓着词人不忍离别的一腔深情，反映出初婚少妇沉溺于情海之中的纯洁心灵。全词以女性特有的沉挚情感，丝毫“不落俗套”的表现方式，展示出一种婉约之美，格调清新，意境幽美，称得上是一首工致精巧的别情佳作。
《夏日绝句》,《夏日绝句》是宋代词人李清照创作的一首五言绝句。这是一首借古讽今、抒发悲愤的怀古诗。诗的前两句，语出惊人，直抒胸臆，提出人“生当作人杰”，为国建功立业，报效朝廷；“死”也应该做“鬼雄”，方才不愧于顶天立地的好男儿。深深的爱国之情喷涌出来，震撼人心。最后两句，诗人通过歌颂项羽的悲壮之举来讽刺南宋当权者不思进取、苟且偷生的无耻行径。全诗只有短短的二十个字，却连用三个典故，可谓字字珠玑，字里行间透出一股正气。
《小山词》,《小山词》由晏几道所著，于元祐四年被晏几道所整理成书。
《浣溪沙·一曲新词酒一杯》,《浣溪沙·一曲新词酒一杯》是宋代词人晏殊的代表作。此词虽含伤春惜时之意，却实为感慨抒怀之情，悼惜残春，感伤年华的飞逝，又暗寓怀人之意。词之上片绾合今昔，叠印时空，重在思昔；下片则巧借眼前景物，重在伤今。全词语言圆转流利，通俗晓畅，清丽自然，意蕴深沉，启人神智，耐人寻味。词中对宇宙人生的深思，给人以哲理性的启迪和美的艺术享受。其中“无可奈何花落去，似曾相识燕归来”两句历来为人称道。
《乐章集》,《乐章集》系北宋柳永撰。永初名三变，字耆卿，崇安人。景祐元年进士，官至屯田员外郎，故世号柳屯田。
《雨霖铃·寒蝉凄切》,《雨霖铃·寒蝉凄切》是宋代词人柳永的作品。此词上片细腻刻画了情人离别的场景，抒发离情别绪；下片着重摹写想象中别后的凄楚情状。全词遣词造句不着痕迹，绘景直白自然，场面栩栩如生，起承转合优雅从容，情景交融，蕴藉深沉，将情人惜别时的真情实感表达得缠绵悱恻，凄婉动人，堪称抒写别情的千古名篇，也是柳词和婉约词的代表作。
《白石道人诗集》,姜诗在南宋最为杰出，虽篇帜无多，而格意不在范、陆下。其自序主于冥心独造，可谓不负所言。
《白石道人歌曲》,《白石道人歌曲》一称《白石词》，是中国宋代姜夔所作的古代词曲谱集。共6卷，别集1卷。书中收有祀神曲《 越九歌 》 10首，词调令、慢、近、犯17首，琴曲《古怨》1首。 其中《越九歌》旁缀律吕字谱，已标明不同音高；词调是用工尺旁谱，流传中多有讹误之处，后辈研究者对此看法不一；琴曲《古怨》是减字谱，可弹奏。词调17首中，《醉吟商小品》和《霓裳中序第一》是传统大曲的摘篇，《玉梅令》是范成大的作品，其余皆是白石自度曲。
《续书谱》,《姜夔·续书谱》是2008年1月1日江苏美术出版社出版的图书，作者是朱友舟、徐利明。该书主要对《百川学海》《格致丛书》等有代表性的名篇进行了注释，翻译，思想评述等方面的研究。
《淮海集》,《淮海集》是文学家秦观的诗文别集。现在所保存的宋本，最早、最完整的是南宋乾道年间高邮军所刻的《淮海集》四十卷、《长短句》三卷、《后集》六卷，共四十九卷。此本有乾道九年癸巳林机所作《淮海居士文订后序》，称此书系王定国任高邮军的长官时，据当地原藏《淮海文集》“搜访遗逸，咀华涉源，一字不苟，校集成编。总七百二十篇，为四十九卷，板置郡库。”秦观的散文确实具有很高的成就，在北宋文坛上应该占有一席地位 。
《淮海居士长短句》,秦观字太虚，又字少游，汉族，北宋 高邮人，称“苏门四学士”，别号邗沟居士、淮海居士，世称淮海先生。被尊为婉约派一代词宗，官至太学博士，国史馆编修。秦观幼承家学，研习文词，三十岁进京赶考，在徐州结识苏轼。元丰八年，秦观登进土，授定海主簿，调蔡州教授；元祐年间，应制科考试，为宣教郎、太学博士，校正秘书省书籍；后迁正字，兼国史馆编修；绍圣初年，出为杭州通判；不久，贬为监处州酒税，又徙郴州、横州、雷州。徽宗即位后，他复职北归，途中卒于藤州。
《南唐二主词》,《南唐二主词》，系南唐中主李璟、后主李煜撰。约成书于南宋，后世续有辑补，又有后人编写了各种版本；现在流行的则为《南唐二主词校订》。
《满江红·写怀》,《满江红·怒发冲冠》，一般认为是宋代抗金将领岳飞的词作。此词上片抒写作者对中原重陷敌手的悲愤，对局势前功尽弃的痛惜，表达了自己继续努力争取壮年立功的心愿；下片抒写作者对民族敌人的深仇大恨，对祖国统一的殷切愿望，对国家朝廷的赤胆忠诚。全词情调激昂，慷慨壮烈，显示出一种浩然正气和英雄气质，表现了作者报国立功的信心和乐观主义精神。
《小重山·昨夜寒蛩不住鸣》,《小重山·昨夜寒蛩不住鸣》是南宋抗金将领岳飞的词作。词的上阕写深夜梦回的押郁心情。寒蛩的鸣叫，蒙胧的月色；梦回三更，独绕阶行。时间、景色、环境、行动。含蓄曲折、情景交融。三更不寐、绕阶独行，以及隔帘望空中朦胧月色，可以看出他壮志难伸的孤愤之情。下阕写壮志受阻，首句直伸心志。二三句以“旧山松竹老”喻故乡中原盼归人老和作者急欲杀回故乡，收复中原的心情。作者用曲折含蓄之笔，顿挫出之。“欲将”三句，以“高山流水”、知音难觅的比喻，抒写抗金主张。曲高和寡的郁闷、忧愤心情。全词沉郁低徊、曲折含婉、抑扬顿挫、比喻蕴蓄、情景交织，有很高的艺术境地。
《五岳祠盟记》,《五岳祠盟记》是南宋将领岳飞在南宋建炎四年败金兵、收复建康后，于宜兴所作的题壁誓词。这篇文章对在故乡相州起兵和以往战况略作回顾后，自感只是“快国仇之万一”，又简述了这次建康之战。在末段，表达了“蓄锐待敌”、“功期再战”、洗雪国耻、收复中原的决心，是全文的中心所在。全文洋着高昂的爱国激情和忠愤之气，感人至深，语气刚峻，句句铿锵，斩钉截铁，一气贯通。
《四书章句集注》,《四书章句集注》是集《大学》、《中庸》、《论语》、《孟子》于一体的巨作，是一部儒家理学的名著，是封建社会最重要的经典著作，为宋代朱熹最有代表性的著作之一。
《楚辞集注》,《楚辞集注》作于朱熹任潭州荆湖南路安抚使时。楚辞又称“楚词”，是战国时代的伟大诗人屈原创造的一种赋体。
《文山诗集》,《有感》是南宋政治家、文学家，爱国诗人，抗元名臣文天祥的七言律诗。
《指南录》,《指南录》是南宋文臣文天祥自编的一部诗集，标题取自诗句“臣心一片磁针石，不指南方不肯休”。
《指南后录》,《指南录后序》是南宋文天祥为《指南录》所作的一篇序文。该文简略概括地叙述了作者出使元营、面斥敌酋汉奸、被扣押冒死逃脱、颠沛流离、万死南归的冒险经历，反映了民族英雄文天祥坚定不移的战斗意志、忠贞不屈的民族气节和生死不渝的爱国激情。其文被收录在苏教版语文必修三专题三。
《梁溪集》,《梁溪集》是宋李纲创作的诗集。
《靖康传信录》,《靖康传信录》，宋代李纲著，记载了“靖康之变”前后作者的亲身经历和亲见亲闻，是研究此段时间历史的宝贵资料。
《范文正公文集》,《范文正公文集叙》是北宋文学家苏轼于元祐四年为范仲淹文集所作的一篇序。文章先叙述从孩童时听到范仲淹的大名到写这篇叙文这中间四十七年的向慕心情，饱含浓重感情；再引历史人物作比，颂扬范仲淹的文治武功；最后才提到《文集》，但并不论文，却肯定范公有德。文章语言朴实，娓娓道来，既为作叙，又为缅怀逝者，黯然伤怀的同时表达自己无限倾幕。
《睢阳学舍书怀》,《睢阳学舍书怀》是宋朝著名文学家范仲淹的代表作品之一。
《采莲子二首》,《采莲子二首》是唐代皇甫松创作的诗词。
《怨回纥歌》,怨回纥，词牌名，又名“怨回纥歌”。以皇甫松词《怨回纥·祖席驻征棹》为正体，双调四十字，前后段各四句两平韵。另有单调四十字，六句四平韵的变体。代表作品有刘新民词《怨回纥·东南郊游春即兴赠耿娜》等。
《兰陵王·柳》,《兰陵王·柳》是宋代词人周邦彦的作品，被选入《宋词三百首》。这是一首自伤别离的词，写作者离去之愁。此词有生活细节、有人物活动，有抒情主体的心理意绪，形成词作较为鲜明的叙事性和戏剧性特色。全词构思萦回曲折，似浅实深，有吐不尽的心事流荡其中，无论景语、情语，都很耐人寻味。
《瑞龙吟·章台路》,《瑞龙吟·章台路》是北宋词人周邦彦的词作。这是一首访旧感怀之作。此词便是写回京后访问旧友的复杂心情。全词三段。上阕写初春访旧的环境氛围，中阕回忆当年初来时所见所爱，忆念伊人。当年万种风情，宛在目前。下阕抚今追昔，极写物是人非的哀戚。词作以铺叙手法绘画形象披露内心愁苦，今昔交错，人物情绪与作品境界均给予动态性的表现，其结构模式甚至带有戏剧性特点。词结构严谨，层次分明；缠绵婉转，沉郁顿挫；用语精工典丽，是难得的佳作。
《满庭芳·风老莺雏》,《满庭芳·夏日溧水无想山作》是北宋词人周邦彦创作的一首词。这首词是作者遭外放而感慨万千，欲求自我解脱的一首抒情之作。上片写江南初夏景色，将羁旅愁怀融入景中。下片抒发羁旅他乡孤苦寂寞之哀。此词整体哀怨却不激烈，含蓄委婉，沉郁顿挫中别饶情味，体现了清真词一贯的风格。
《青玉案·横塘路》,“梅子黄时雨”出自宋代贺铸所作之词《青玉案·横塘路》。
《鹧鸪天·重过阊门万事非》,《鹧鸪天·重过阊门万事非》是宋代词人贺铸为悼念亡妻赵氏而作。全词写得很沉痛，十分感人，是唐宋之后悼亡诗歌中不可多得的名篇。当时贺铸不久因事要离开夫妇共居的苏州时，痛感物是人非，满腹辛酸无处倾诉，只能发出“同来何事不同归”的哀叹。聆听着南窗的夜雨，遥想当年妻子在深夜里为自己补衣的情形，作者沉痛地表现出了对亡妻患难与共、相濡以沫之情的深切怀念。在表现手法上，此词将赋比兴三者参酌运用，丰富了情感表现手段，增强了艺术感人力量。
《天仙子·水调数声持酒听》,《天仙子·水调数声持酒听》是宋代文学家张先的代表词作。此词上阕写春愁无限及人生遗憾，五句话写五件伤怨的情事：《水调》歌怨声哀切，醉醒愁未醒，送春归去不知何时能回；临镜而伤年光飞逝，回忆往事历历，只有空怀旧梦；下阕通过“并禽”写自己孤独，月弄花影烘托出人生之无奈；以“落红应满径”暗喻作者情绪的低落。全词将作者慨叹年老位卑、前途渺茫之情与暮春之景有机地交融在一起，调子沉郁伤感，情蕴景中，用语精准，工于锻炼字句，体现了张词的主要艺术特色。其中“云破月来花弄影”是千古传诵的名句。
《千秋岁·数声鶗鴂》,《千秋岁·数声鶗鴂》是宋代词人张先的作品，被选入《宋词三百首》。此词写爱情横遭阻抑的幽怨和坚决不移的信念。上阕写暮春景色：雨轻风紧，催落繁花；杜鹃啼血，呼唤着春天完结，造成浓重的感伤气氛。惜春的词人，在花丛中寻找并采摘着残花，传神地刻画出词人伤春惜花的拳拳真情。接着以飘零的杨花，写春之落寞及心之寒冷。下阕抒情：“不老”的“天”与“难绝”的“情”相对比，再以“千千结”的“双丝网”比忧思百结的愁心，将愁情怨怀表达得淋漓尽致。最后以夜将尽的孤灯景象作结，让整个的抒情氛围笼罩在漆黑的深渊中，很富抒情效果。全词含蓄发越，体现了张先的词风。
《山中白云词》,《山中白云词》是南宋词人张炎的词集。张炎，字叔夏，号玉田，晚年号乐笑翁，祖籍凤翔成纪，寓居临安，“西湖吟社”重要成员。
《断肠诗集》,《新注朱淑真断肠诗集》是宋朱淑真创作的词的合集，10行22字作品。
《断肠词》,
《卜算子》,《卜算子·我住长江头》是宋代词人李之仪的作品，被选入《宋词三百首》。上片写相离之远与相思之切。用江水写出双方的空间阻隔和情思联系，朴实中见深刻。下片写女主人公对爱情的执着追求与热切的期望。用江水之悠悠不断，喻相思之绵绵不已，最后以己之钟情期望对方，真挚恋情，倾口而出。全词以长江水为抒情线索，语言明白如话，句式复叠回环，感情深沉真挚，深得民歌的神情风味，又具有文人词构思新巧，体现出灵秀隽永、玲珑晶莹的风神。
《姑溪词》,《卜算子·我住长江头》是宋代词人李之仪的作品，被选入《宋词三百首》。上片写相离之远与相思之切。用江水写出双方的空间阻隔和情思联系，朴实中见深刻。下片写女主人公对爱情的执着追求与热切的期望。用江水之悠悠不断，喻相思之绵绵不已，最后以己之钟情期望对方，真挚恋情，倾口而出。全词以长江水为抒情线索，语言明白如话，句式复叠回环，感情深沉真挚，深得民歌的神情风味，又具有文人词构思新巧，体现出灵秀隽永、玲珑晶莹的风神。
《阳春集》,《鹊踏枝·谁道闲情抛掷久》是五代十国时期南唐词人冯延巳的作品。此词以细腻、敏锐的笔触，描写闲情的苦恼不能解脱。上阕紧扣首句提出的复杂矛盾的心情回环反复，表现内心感情的痛苦纠结；下阕进一步抒发这种与时常新的闲情愁绪。全词语言清丽流转，感情深致含蓄，写尽了一个“愁”字。
《简斋集》,《雨晴》由宋代诗人陈与义于公元1123年所作，通过描写雨过天晴的景象，表现诗人一时欣喜的情感。
《太平樵歌》,
《永遇乐·璧月初晴》,《永遇乐·璧月初晴》是南宋词人刘辰翁所写的一首词。该词上片以临安今昔不同的春景春事特别是元宵况味穿插比照，引发感慨。下片追叙由北宋末到南渡初直至今日的痛史，拟用李清照的身世和口吻来感事抒情。全词通过今昔对比，使用情景交融的手法，抒发了国破家亡的痛苦和对故国的思念与眷恋，哀婉无穷，表达了临安沦陷后“江南无路”的悲苦之情。
《兰陵王·丙子送春》,《兰陵王·丙子送春》是宋末文学家刘辰翁创作的一首词。全词三阕。上阕由“送春去”开头，“人间无路”极写辛酸悲咽。“斗转城荒”诉说临安陷落，“不见来时试灯处”尤有深意。中阕由“春去谁最苦”的设问，讲述宋亡而爱国军民最为痛苦的事实。“送客屡回顾”状写宋宫室被掳掠的凄惨境遇。下阕由“春去尚来否”的设问，暗示宋朝大势已去，恢复无望。此词从表面上来看，是写春天，实际上却象征着南宋王朝，“送春”就是哀悼南宋的灭亡。在词中作者描绘故国沦陷后的衰败景象，反映南宋遗民所经历的种种苦难和作者的无限悲痛之情，凄绝哀怨，寄托遥深。
《风入松·听风听雨过清明》,《风入松·听风听雨过清明》是宋代词人吴文英的作品。此词表现暮春怀人之情，上片写伤春怀人的愁思，下片写伤春怀人的痴想。全词风格质朴淡雅，不事雕琢、不用典故，不论写景写情、写现实写回忆，都委婉细腻，情真意切。
《唐多令·惜别》,《唐多令·惜别》是宋代词人吴文英所作。此词反映了作者飘泊生涯中的失意情怀。词的上阕是就眼前之景抒发离别之愁；下阕拓宽一步，展示自己的心灵背景和深层意绪，把与友人的惜别赋予了较深层的内涵，表现了词人命笔时的复杂心情和离别之际的纷纷意绪。
《双双燕·咏燕》,《双双燕·咏燕》是南宋词人史达祖的代表词作。这是一首很精美的咏物词。此词上片写燕子飞来，重回旧巢的愉快场景；下片写燕子在春光中嬉戏，夜幕降临时回巢栖息的情景。既刻画了燕子的生动形象，又抒发了闺怨之情，隐含着对人生的感慨。全词在修辞上采用拟人手法，用语上采用白描，结构安排上也匠心独运，用春燕双宿双飞衬出思妇盼归之情，完整而自然。
《绮罗香·咏春雨》,《绮罗香·咏春雨》是南宋词人史达祖的作品。这是首咏物词，以多种艺术手法摹写春雨缠绵的景象。上片写近处春雨。蝶惊粉重，燕喜泥润。佳期被阻，钿车不行。下片写远处春雨。春潮晚急，群山迷濛，新绿落红，带愁流去。通篇不着“雨”字，却处处贴切题意。用语工丽，意境清幽。
《东风第一枝·咏春雪》,《东风第一枝·咏春雪》是南宋词人史达祖创作的一首咏物词 。这首词以细腻的笔触，绘形绘神，写出春雪的特点，以及雪中草木万物的千姿百态。词精工刻划，锻句炼字，显得情致婉约，清空脱俗。
《天香·龙涎香》,《天香·龙涎香》是宋代词人王沂孙创作的一首咏物言志词，借咏龙涎香以寄托遗民亡国之痛。因所咏对象具神话色彩，故此词遣辞造境以神话的奇幻情调出之。上阕从采香、制香到焚香，层层推进，逐层展开。下阕回忆当年春夜焚香饮酒，此刻却不再有如此雅兴，昭示出对故国的思念。全词意蕴潜隐，寄慨甚深，低回婉转，怅惘无穷。
《齐天乐·蝉》,《齐天乐·蝉》是由宋末元初词人王沂孙所做婉约词。全诗借咏秋蝉托物寄意，表达国破家亡、末路穷途的无限哀思。开始由蝉的形象联想到宫女形象，由宫妇含恨而死，尸体化为蝉长年攀树悲鸣的传说，为全章笼罩悲剧气氛。
《高阳台·和周草窗寄越中诸友韵》,《高阳台·和周草窗寄越中诸友韵》是宋末元初词人王沂孙所写的一首词。这是一首唱和词，诗人的答和之人是南宋词人周密。这首词写冬去春来，人们制作宣春帖子以取吉庆之意，但因国家破亡，终有春非戎春之叹，然后由梅花开放，引出对友^的思念，应和草窗原唱，开拓下文，在怀友伤时的离愁中融入亡国流离的沉埔，深婉沉郁。
《昭君怨》,昭君怨，词牌名，又名“洛妃怨”“宴西园”等。以万俟咏词《昭君怨·春到南楼雪尽》为正体，双调四十字，前后段各四句两仄韵两平韵。另有双调三十九字，前后段各四句两仄韵两平韵；双调四十字，前段四句两仄韵两平韵，后段五句三仄韵两平韵的变体。代表作有杨万里《昭君怨·咏荷上雨》等。
《春秋集解》,春秋集解是一本对春秋做注解的书籍，此书《宋史·艺文志》著录为十二卷，与今本卷数有异，除此以外，又别出吕祖谦《春秋集解》三十卷，《四库全书总目》疑其宋末刊刻时，已析其原卷为三十，并改题吕祖谦撰，故相沿伪误，《宋史》亦因之误注。今按：《总目》所论与史吻合，吕祖谦并未撰《春秋集解》三十卷。朱彝尊《经义考》著录此书，但因今本卷数与《宋史·艺文志》不符，故对其真伪有所怀疑，《四库全书总目》已驳正其疑。
《紫微诗话》,《紫微诗话》 南宋吕本中撰，一卷。此书共90条，主要记述吕氏家世旧闻及江西诗派轶事，经义杂文亦偶有涉及。论诗只限于诗句品评。
《东莱先生诗集》,《东莱先生诗集》是宋朝乾道年间刻制的诗集，作者是吕本中。
《卜算子·送鲍浩然之浙东》,《卜算子·送鲍浩然之浙东》是北宋词人王观创作的词。题目一作《别意》。这是一首送别词，写的是春末时节送别友人鲍浩然，表达了词人送别友人鲍浩然时的心绪。这首词以眼喻水，以眉喻山，设喻巧妙、情趣盎然，又语带双关，写得妙趣横生，在送别词中独树一帜。
《竹坡词》,《水调歌头·和周紫芝竹坡词》是清代词人顾太清创作的一首词。
《胡澹庵先生文集》,《登南恩望海台》作者是胡铨 ，是一首宋朝时期的诗词。
《知稼翁集》,《知稼翁集》是宋代黄公度编著的一部文集。
《知稼翁词》,知稼翁词，宋黄公度撰。公度有《知稼翁集》，已著录。所作词一卷，已见集中。此则毛晋所刊别行本也。词仅十三调，共十四阕。据卷末其子沃跋语，乃收拾未得其半，录而藏之以传后裔者。每词之下，系以本事，并详及同时倡酬诗文。公度之生平本末，可以见其大概。较他家词集特为详备。至汪藻《点绛唇》词“乱鸦啼后，归思浓於酒”句，吴曾《能改斋漫录》改窜作“晓鸦啼后，归梦浓於酒”，兼凭虚撰一事实，殊乖本义。沃因其父有和词，辨正其讹，自属确凿可据。乃朱彝尊选《词综》，犹信吴曾曲说，改藻原词，且坐《草堂》以擅改之罪。不知《草堂》惟以“归思”作“归兴”，其馀实未尝改。彝尊殆偶误记欤？
《少年游》,《少年游·含羞倚醉不成歌》是北宋词人张耒创作的一首词。描写了一个含羞带笑的窈窕淑女的形象，实际上是作者对实事无奈的表达。
《风流子》,《风流子·木叶亭皋下》是北宋文学家张耒的词作。全词以景蕴情，精微细致地抒发了作者内心的孤苦闲愁和对妻子的思念。上片起首一句，点明地点、时令，流露出思乡之意。过片点明所思之人为“玉容”——思妇，揭示词旨所在。“香笺”四句，写游子对闺中人的怀想。接下来四句，转以想像之笔，设想妻子怀念游子时的痛苦情状，表达了游子对妻子深挚的爱情和痛苦的思恋。结尾两句，以质语收束全篇，言相思至极，欲说还休。
《柯山诗余》,《柯山诗余》是张耒创作的现当代小说类书籍。
《江阴浮远堂》,《江阴浮远堂》是南宋诗人戴复古创作的一首七言绝句。诗前两句写登上横冈俯视大江，又在浮远堂上远望万里山河，只觉得忧愁郁结无法排解。后两句说望有山遮住视线，免得见到中原，更加深了自己的沉痛，诗人通过不想看而更深沉地表达对中原的怀念。
《江村晚眺》,中国古诗这首诗在“静”与“动”的描写安排上十分巧妙，色彩运用也恰到好处：黄色的沙滩，斑驳的渔船，深褐色的堤岸，碧绿的江水，青青的芦荡，白色的芦花，洁白的水鸟，在血红的残阳映照下，更显得色彩浓郁，陆离绚丽，耀人眼目。
《淮村兵后》,《淮村兵后》是宋代诗人戴复古所作的一首七言绝句。诗描写的是一幅金兵南侵，江淮一带战乱后荒村的残破景象。作者借景抒情，刻画了战争之后村庄的荒芜，同时也寄托诗人对遭受兵乱的人民表示深厚的同情和对入侵敌人的仇恨。
《春光好》,《春光好·侍宴苑中赏杏花》是宋代曾觌创作的诗词。
《定风波》,《定风波·赏牡丹席上走笔》是宋代曾觌创作的诗词。
《西江月》,《西江月·元夕醉中走笔》是宋代曾觌创作的诗词。
《长相思》,《长相思·游西湖》是宋代词人康与之的词作。词以西湖景物为背景，上片写现实，下片写回忆；通过叙述回忆中的欢乐以反衬现实中的忧愁，思妇情怀，宛然如见。词的风格自然朴素，毫无斧凿痕迹，似民歌的天籁，如西子的淡妆。
《忆王孙》,《忆王孙·春词》是一首别具风格的小令。作者李重元共作有四首《忆王孙》，分别题作“春词”、“夏词”、“秋词”、“冬词”。此词是第一篇。这首词主要是写景，通过写景传达出一种伤春怀人的意绪，那一份杳渺深微的情思是通过景色的转换而逐步加深加浓，逐步显示的。在场景的转换上，词作又呈观一种由大到小，逐步收敛的特征。全词用一连串带有伤感的暮春景物来衬托相思的伤感，深切动人。
《天隐子序》,《天隐子序》是唐代司马承祯创作的一篇散文。
《窦娥冤》,《感天动地窦娥冤》是元代戏曲家关汉卿创作的杂剧，刊行于明万历十年。
《救风尘》,《救风尘》全名《赵盼儿风月救风尘》，杂剧剧本，全剧共四折。现存版本有：明脉望馆校藏《古名家杂剧》本、《新续古名家杂剧》宫集本、《元曲选》乙集本、《元曲大观》本、《元人杂剧全集》本。元代关汉卿所作，是一部杰出的现实主义古典喜剧。主要写恶棍周舍骗娶风尘女子宋引章后又加以虐待，宋引章的结义姐妹赵盼儿巧设计谋将其救出的故事。
《拜月亭》,《拜月亭》又名《王瑞兰闺怨拜月亭》， 古代中国杂剧剧本，是元曲四大爱情剧之一。元代关汉卿作。共四折一楔子。有《元刻古今杂剧三十种》本、《元人杂剧全集》本。仅存曲词和部分宾白，主要写大家闺秀王瑞兰和秀才蒋世隆悲欢离合的婚姻爱情故事。
《陈抟高卧》,《陈抟高卧》是元代马致远所作的一部耐人寻味的神仙道化戏。写宋太祖未遇之时得神仙陈抟指点，做皇帝后欲以富贵报答陈抟，陈抟依旧坚持隐居修道。全剧共四折。
《天净沙·秋思》,《天净沙·秋思》是元曲作家马致远创作的一首小令。此曲以多种景物并置，组合成一幅秋郊夕照图，让天涯游子骑一匹瘦马出现在一派凄凉的背景上，从中透出令人哀愁的情调，抒发了一个飘零天涯的游子在秋天思念故乡、倦于漂泊的凄苦愁楚之情。这支小令句法别致，前三句全由名词性词组构成，一共列出九种景物，言简而意丰。全曲仅五句二十八字，语言极为凝练却容量巨大，意蕴深远，结构精巧，顿挫有致，被后人誉为“秋思之祖”。
《汉宫秋》,《破幽梦孤雁汉宫秋》是元代文学家马致远创作的杂剧。
《迷青琐倩女离魂》,《迷青琐倩女离魂》，简称《倩女离魂》。《录鬼簿》、《太和正音谱》均有著录。《倩女离魂》是郑德辉的代表作，人们通常把它和关汉卿的《拜月亭》、王实甫的《西厢记》、白朴的《墙头马上》称为元曲四大爱情戏。它的情节比较简单。剧写书生王文举幼时父母给他与张倩女订下终身，但后来倩女母亲以“俺家三代不招白衣女婿”为由迫使文举赴考。王文举启程后，张倩女灵魂与躯壳脱离，身躯卧病在床，灵魂却赶上王文举与之同居。王文举一举中第，带倩女的灵魂回来，倩女的灵魂、身躯合而为一，皆大欢喜。倩女魂追王文举的行动告诉我们，封建礼教可以桎梏人的肉体，却控制不了人的思想感情。作者正是通过对倩女离魂的描写，热情讴歌了青年男女为婚姻自由大胆冲破封建礼教藩篱的叛逆精神。曲词艳美动人，情节简单离奇，抒情写景，以景寄情，充满了积极浪漫主义气息。在元杂剧中当属第一流作品。剧本取材于唐·陈玄？的传奇小说《离魂记》。同一题材的杂剧除本剧外，还有赵公辅的《倩女离魂》，已佚。此外还有明初徐田珍的南戏《王文举月夜追倩魂》、明·佚名作者《离魂记》传奇、明·王骥德《倩女离魂》杂剧，均已佚。今存《脉望馆古名家杂剧》本、《古杂剧》本、《元曲选》本、《柳枝集》本。现据《元曲选》本整理。
《虎牢关三战吕布》,郑光祖著作《虎牢关三战吕布》  末本剧本。出场人物：正末—张飞；末—刘备，关羽；冲末—袁绍；外-吕布，曹操；净—孙坚。  剧本源自《三国演义》 “虎牢关三战吕布”。
《倩女离魂》,元杂剧，与《拜月亭》《西厢记》合称三大爱情剧与《拜月亭》《西厢记》《墙头马上》称为四大爱情剧。
《梧桐雨》,《唐明皇秋夜梧桐雨》是元代文学家白朴创作的杂剧。
《墙头马上》,《裴少俊墙头马上》是元代白朴创作杂剧。
《东墙记》,《东墙记》 元·白朴作。写书生马文辅与董秀英相爱而私自结合，最终大团圆的故事。共五折一楔子。
《天净沙·秋》,《天净沙·秋》是元代曲作家白朴创作的一首写景散曲，作者通过撷取十二种景物，描绘出一幅景色从萧瑟、寂寥到明朗、清丽的秋景图。这是一首描写当时社会的抒情曲，写出了诗人由冷寂惆怅之感到开朗希望的情怀。这篇散曲用笔精深，风格独具，婉约清丽，意境新颖，颇有词的意境。
《水浒传》,《水浒传》，中国四大名著之一，是一部以北宋末年宋江起义为主要故事背景、类型上属于英雄传奇的章回体长篇小说。作者或编者一般被认为是施耐庵，现存刊本署名大多有施耐庵、罗贯中两人中的一人，或两人皆有。
《三国演义》,《三国演义》是中国古典四大名著之一，是中国第一部长篇章回体历史演义小说，全名为《三国志通俗演义》，作者是元末明初的著名小说家罗贯中。《三国志通俗演义》成书后有嘉靖壬午本等多个版本传于世，到了明末清初，毛宗岗对《三国演义》整顿回目、修正文辞、改换诗文。
《西游记》,《西游记》是中国古代第一部浪漫主义章回体长篇神魔小说。现存明刊百回本《西游记》均无作者署名。清代学者吴玉搢等首先提出《西游记》作者是明代吴承恩。这部小说以“唐僧取经”这一历史事件为蓝本，通过作者的艺术加工，深刻地描绘了当时的社会现实。全书主要描写了孙悟空出世及大闹天宫后，遇见了唐僧、猪八戒和沙僧三人，西行取经，一路降妖伏魔，经历了九九八十一难，终于到达西天见到如来佛祖，最终五圣成真的故事。
《红楼梦》,《好了歌》出自清代曹雪芹所著《红楼梦》中，是作者借小说人物跛足道人作的一首七言古诗。作者借此诗来表达，人们建功立业、发财致富、贪恋妻妾、顾念儿孙都是被情欲蒙蔽、尚不“觉悟”的缘故，而这一切都是靠不住的，从而宣扬了一种冷静观照人生的现实主义思想，亦有着浓厚的宗教色彩。全诗用语极为浅近，对仗、用韵均不讲究，但却蕴含深刻的人生哲理，大俗之中可见大雅。
《左氏春秋》,《春秋左氏传》，原名《左氏春秋》，汉代时又名《春秋左氏》、《春秋内传》，汉代以后才多称《左传》。
《国语》,《国语》是中国最早的一部国别体著作。记录范围为上起周穆王十二年西征犬戎，下至智伯被灭。《国语》中包括各国贵族间朝聘、宴飨、讽谏、辩说、应对之辞以及部分历史事件与传说。
《史记》,《史记》是西汉史学家司马迁撰写的纪传体史书，是中国历史上第一部纪传体通史，记载了上至上古传说中的黄帝时代，下至汉武帝太初四年间共3000多年的历史。太初元年，司马迁开始了《太史公书》即后来被称为《史记》的史书创作。前后经历了14年，才得以完成。
《报任少卿书》,《报任安书》是汉代史学家、文学家司马迁写给其友人任安的一封回信。作者在信中以激愤的心情，陈述了自己的不幸遭遇，抒发了为著作《史记》而不得不含垢忍辱苟且偷生的痛苦心情。文章发语酸楚沉痛，笔端饱含感情，是一篇不可多得奇文，具有极其重要的史料价值。全文结构严谨，层次井然，前后照应；说理和叙事融为一体，清晰透辟；语言丰富而生动，句子或长或短，以排比、对偶句穿插其间，使文章更富于感情色彩。
《三国志》,《三国志》，二十四史之一，是由西晋史学家陈寿所著，记载中国三国时期的魏、蜀、吴纪传体国别史，是二十四史中评价最高的“前四史”之一。
《资治通鉴》,《资治通鉴》，由北宋司马光主编的一部多卷本编年体史书，共294卷，历时19年完成。主要以时间为纲，事件为目，从周威烈王二十三年写起，到五代后周世宗显德六年征淮南停笔，涵盖16朝1362年的历史。
《温国文正司马公文集》,司马光，字君实，号迂叟，北宋政治家、文学家、史学家，历仕仁宗、英宗、神宗、哲宗四朝。他主持编纂了中国历史上第一部编年体通史《资治通鉴》。
《后汉书》,《后汉书》是一部记载东汉历史的纪传体史书，由中国南朝宋时期的历史学家范晔编撰。与《史记》、《汉书》、《三国志》合称“前四史”。
《狱中与诸甥侄书》,《狱中与诸甥侄书》是由南朝·宋范晔所做，出自《宋书·范晔传》，作品采用书信体裁，书写了自己的一生。
《聊斋志异》,《聊斋志异》是中国清朝小说家蒲松龄创作的文言短篇小说集。
《狼》,《狼》是清代小说家蒲松龄创作的文言短篇小说。描绘了贪婪、凶狠、狡诈的狼的形象。启示我们对待像狼一样的恶人，不能妥协退让，而要像屠夫一样勇敢斗争、善于斗争，这样才会取得胜利。
《山市》,《山市》是清代文学家蒲松龄创作的一篇文言短篇小说。此文描写 了“山市”从出现到幻灭的神奇景象，亦表现了人们从发现它时“相顾惊疑”的心情到全神贯注细观察的心理变化过程。全文只有三百一十多字，但描写细致入微，引人遐想；文字用语极其精炼，形象具体，结构严谨，读来一气呵成。
《小仓山房诗文集》,《小仓山房诗文集》是清代诗人、文学家袁枚创作的一部诗文集著作。
《随园诗话》,《随园诗话》是清代袁枚的诗歌美学和诗歌理论著作。是一部有为之作，有其很强的针对性。《随园诗话》所论及的，从诗人的先天资质，到后天的品德修养、读书学习及社会实践；从写景、言情，到咏物、咏史；从立意构思，到谋篇炼句；从辞采、韵律，到比兴、寄托、自然、空灵、曲折等各种表现手法和艺术风格，以及诗的修改、诗的鉴赏、诗的编选，乃至诗话的撰写，凡是与诗相关的方方面面，可谓无所不包了。
《随园食单》,《随园食单》，古代中国烹饪著作。共一卷。身为乾隆才子、诗坛盟主，袁枚一生著述颇丰。作为一位美食家， 《随园食单》是其四十年美食实践的产物，以文言随笔的形式，细腻地描摹了乾隆年间江浙地区的饮食状况与烹饪技术，用大量的篇幅详细记述了中国十四世纪至十八世纪流行的326种南北菜肴饭点，也介绍了当时的美酒名茶，是清代一部非常重要的中国饮食名著。
《子不语》,《子不语》是清代文学家袁枚撰写的一部文言短篇小说集。《子不语》的正集大约成书于乾隆五十三年前，后来又有些陆陆续续的篇章，汇为续集。
《浮生六记》,《浮生六记·闲情记趣》是《浮生六记》中的一篇文章，此为清代沈复作品。
《闲情偶寄》,《闲情偶寄》，清代人李渔所撰写，是养生学的经典著作。它共包括《词曲部》、《演习部》、《声容部》、《居室部》、《器玩部》、《饮馔部》、《种植部》、《颐养部》等八个部分，论述了戏曲、歌舞、服饰、修容、园林、建筑、花卉、器玩、颐养、饮食等艺术和生活中的各种现象，并阐发了自己的主张，内容极为丰富。其中，《颐养部》总论养生，是一篇重要的养生文献。
《笠翁十种曲》,《笠翁十种曲》是李渔创作的喜剧集，因附有版画，在书史上别有盛名。
《无声戏》,《连城璧》又名《无声戏》，为清代文学大家李渔所撰，是清代屡遭禁毁的小说之一。
《笠翁对韵》,《笠翁对韵》是从前人们学习写作近体诗、词，用来熟悉对仗、用韵、组织词语的启蒙读物。作者李渔，号笠翁，因此叫《笠翁对韵》。全书分为卷一和卷二。按韵分编，包罗天文、地理、花木、鸟兽、人物、器物等的虚实应对。从单字对到双字对，三字对、五字对、七字对到十一字对，声韵协调，琅琅上口，从中得到语音、词汇、修辞的训练。从单字到多字的层层属对。较之其他全用三言、四言句式更见韵味。
《权书》,《权书》由宋代苏洵所撰，虽经年月，但仍为世人所用。其中精髓，如下言述：人有言曰：“儒者不言兵。”仁义之兵，无术而自胜。使仁义之兵无术而自胜也，则武王合用乎太公？而牧野之战，“四伐攻、五伐、六伐、七伐乃止齐 焉。”又何用也？《权书》，兵书也，而所以用仁济义之术也。吾疾夫世之人不究本末，而妄以我为孙武之徒也。夫孙氏之言兵为常言也，而我以此书为不得已而言之之书也。故仁义不得已，而后吾《权书》用焉。然则《权书》，为仁义之穷而作也。
《嘉祐集》,苏洵，字明允，号老泉，汉族，眉州眉山。北宋文学家，与其子苏轼、苏辙合称“三苏”，均被列入“唐宋八大家”。苏洵长于散文，尤擅政论，议论明畅，笔势雄健，有《嘉祐集》传世。
《栾城集》,这是北宋苏辙所著的诗文别集。《栾城集》早在宋代就早多种版本，并以有无《应诏集》和章疏有无删削为标志区分出两个系统。有《应诏集》并多书章疏三十七篇的本子，现今见到最早的是宋刻《苏文定公文集》，分《前集》五十卷，《后集》二十四卷、《三集》十卷，《应诏集》十二卷，共九十六卷。现存四十六卷。其次是明清梦轩刻本《苏文定公栾城集》，四卷数同上。再次是清道光壬辰眉州三苏祠刻本，但卷数、文字与清梦轩本皆有出入。《前集》才四十八卷。中有清宛陵贡刻本，系清梦轩本的翻刻本。
《诗集传》,《诗集传》苏辙的著作，收入《四库全书》。苏辙著《诗集传》二十卷。作者认为，《诗经》中《小序》反复繁重，决非出自一人之辞，怀疑其实际上是毛公之学，卫宏为所集录。故在书中，仅存其发端一言，以下余文则尽行删除，也即作者序中所言：独采其可者见于今《传》，其尤不可者皆明确注明其失在何处。
《龙川略志》,《龙川略志》是北宋著名文学家苏辙所撰的一部笔记体小品文集，记述了当时社会、政治、人物、风物等许多掌故和轶闻。
《论语拾遗》,《论语拾遗》一卷。北宋苏辙撰。属于文言文。
《古史》,司马光做《资治通鉴》以后，一时间引起了宋朝士大夫、学者们古史研究的兴趣，其中也产生了诸多受《通鉴》的作品。其中位居第一的是苏辙的《古史》。
《元丰类稿》,《元丰类稿》为宋代著名文士曾巩的文集，共五十卷。此五十卷外本尚有《续稿》四十卷和《外集》十卷，但宋室南渡后，《续稿》、《外集》皆不传，故今仅存此五十卷本。
《隆平集》,《隆平集校证》是2012-7中华书局出版的图书，作者是宋曾巩 撰 / 王瑞来 校证。
《通志堂经解》,《通志堂经解》是清代最早出现的一部阐释儒家经义的大型丛书，收录先秦、唐、宋、元、明经解138种，纳兰性德自撰两种，共计1800卷。它一经问世，就引起人们的重视。从内阁武英殿到厂肆书籍铺，一版再版。
《侧帽集》,《侧帽集》，清代满族词人纳兰性德的词集。纳兰性德词作先后结集为《侧帽》、《饮水》，后人多称纳兰词。他的词清新婉丽，独具真情锐感，直指本心，在他生前刻本出版后产生过“家家争唱”的轰动效应。
《饮水集》,《饮水词》是清初词人纳兰性德的词集。《饮水词》的名字由来为南宋岳珂“如鱼饮水，冷暖自知。” 纳兰由此命名自己的词集为《饮水词》。《饮水词》在内容上主要是悼亡、恨别、男女情思、与友人赠答酬唱等几个方面，词作基本上不涉及到社会政治生活。其悼亡之作主要表达的是追念前妻卢氏之情，写的真切感人。纳兰还曾出使边陲，亲尝过远离家乡的离情别绪，因此恨别也成为《饮水词》的一个重要内容。
《游子吟》,《游子吟》是唐代诗人孟郊创作的一首五言诗。这是一首母爱的颂歌。全诗共六句三十字，采用白描的手法，通过回忆一个看似平常的临行前缝衣的场景，凸显并歌颂了母爱的伟大与无私，表达了诗人对母爱的感激以及对母亲深深的爱与尊敬之情。此诗情感真挚自然，虽无藻绘与雕饰，然而清新流畅，淳朴素淡的语言中蕴含着浓郁醇美的诗味，千百年来广为传诵。
《登科后》,《登科后》是唐代诗人孟郊于贞元十二年进士及第时所作的一首七绝。此诗前两句将作者过去失意落拓的处境和现今考取功名的得意情境进行今昔对比，突现今朝跃入新天地时的思绪沸腾；后两句说他在春风里洋洋得意地跨马疾驰，一天就看完了长安的似锦繁花，表现出极度欢快的心情。全诗节奏轻快，一气呵成，在“思苦奇涩”的孟诗中别具一格。
《长江集》,《长江集》是中唐诗人贾岛的诗集，诗集名因贾岛做过长江县主簿而得；苦吟与苦境，形成了其诗歌内容和语言特色。
《诗格》,诗格，就是诗的格式、体例与诗的风格、格调。
《病蝉》,相传诗人贾岛在韩愈的劝说下，参加了科举考试，他天真地以为，凭着自己的才学一定能考中，所以，并不把“八百举子”放在眼里，一入考场，挥笔就写，在《病蝉》诗中，痛骂：“什么黄雀、乌鸦，都一样想害蝉。”结果被认为是“无才之人，不得采用”，与平曾等人一起落了个“考场十恶”的坏名。 
《唐诗纪事》,《唐诗纪事》，唐代中国诗歌资料汇集。凡81卷，南宋计有功编。收唐代诗人一千一百五十余家，内容极为繁富。唐代很多作家作品到宋代已日渐湮灭失传。计氏编撰此书的目的，主要为保存唐代诗歌文献。
《郁离子》,"《郁离子》，郁，有文采的样子；离，八卦之一，代表火；郁离，就是文明的意思，其谓天下后世若用斯言，必可抵文明之治。思想内容以道为本兼与儒家相结合。立意与行文变幻奇诡，颇得庄子精髓。嘉靖丙辰与宋濂《龙门子凝道记》合刻於开封。刘基认为万物有道,道不可逆;二、物有两极,对立统一;三、理一分殊,探其本质;四、智胜于力,知所未知;五、以物以理,取象思维。思维深得道家思维的精髓。  “郁离子”是刘伯温的托称，刘写作《郁离子》的时候，是在他47—50岁，一生中最鼎盛之际，此前的半生他郁郁不得志，不能施展抱负，后来被夺去兵权，遂弃官归隐家乡青田山中，发愤而著《郁离子》。书成不久，他即出山离家，成为朱元璋的亲信谋士，协助朱元璋建立了统一的明王朝。"
《卖柑者言》,《卖柑者言》是一篇元末明初文学家刘基所写的一篇政治寓言。讲述由买卖一个坏了的柑橘的小事引起议论，假托卖柑者的一席话，深刻讽刺了有名无实者的丑恶嘴脸。
《宋学士全集》,《宋学士全集》，亦称《宋文宪公全集》或《宋学士文集》，共七十五卷，为明代著名学者宋濂的著作合集。著作计有《孝经新说》、《周礼集说》、《龙门子》、《潜溪集》、《萝山集》、《浦阳人物记》、《翰苑集》、《芝园集》等。宋濂为文强调明道致用，宗经师古，力主义理、事功、文辞三者统一。尤长散文，纪传如《秦士录》、《王冕传》、《李疑传》，均能抓住细节，突出性格，渲染无多，感染却深；写景如《桃花涧修契诗序》、《环翠亭记》，简洁清秀，迈似欧阳修。其作品《送东阳马生序》被收入人民教育出版社八年级下语文课本中。
《眉庵集》,《眉庵集》是2005年6月1日巴蜀书社出版的图书。
